-- MySQL dump 10.13  Distrib 9.2.0, for Linux (x86_64)
--
-- Host: localhost    Database: sustainability_db
-- ------------------------------------------------------
-- Server version	9.2.0

/*!40101 SET @OLD_CHARACTER_SET_CLIENT=@@CHARACTER_SET_CLIENT */;
/*!40101 SET @OLD_CHARACTER_SET_RESULTS=@@CHARACTER_SET_RESULTS */;
/*!40101 SET @OLD_COLLATION_CONNECTION=@@COLLATION_CONNECTION */;
/*!50503 SET NAMES utf8mb4 */;
/*!40103 SET @OLD_TIME_ZONE=@@TIME_ZONE */;
/*!40103 SET TIME_ZONE='+00:00' */;
/*!40014 SET @OLD_UNIQUE_CHECKS=@@UNIQUE_CHECKS, UNIQUE_CHECKS=0 */;
/*!40014 SET @OLD_FOREIGN_KEY_CHECKS=@@FOREIGN_KEY_CHECKS, FOREIGN_KEY_CHECKS=0 */;
/*!40101 SET @OLD_SQL_MODE=@@SQL_MODE, SQL_MODE='NO_AUTO_VALUE_ON_ZERO' */;
/*!40111 SET @OLD_SQL_NOTES=@@SQL_NOTES, SQL_NOTES=0 */;

--
-- Table structure for table `actions`
--

DROP TABLE IF EXISTS `actions`;
/*!40101 SET @saved_cs_client     = @@character_set_client */;
/*!50503 SET character_set_client = utf8mb4 */;
CREATE TABLE `actions` (
  `id` int NOT NULL AUTO_INCREMENT,
  `description` text NOT NULL,
  `difficulty` enum('low','medium','high') DEFAULT NULL,
  `ods_id` int DEFAULT NULL,
  `specific_objective_id` int NOT NULL,
  PRIMARY KEY (`id`),
  KEY `ods_id` (`ods_id`),
  KEY `specific_objective_id` (`specific_objective_id`),
  CONSTRAINT `actions_ibfk_1` FOREIGN KEY (`ods_id`) REFERENCES `ods` (`id`) ON DELETE CASCADE ON UPDATE CASCADE,
  CONSTRAINT `actions_ibfk_2` FOREIGN KEY (`specific_objective_id`) REFERENCES `specific_objectives` (`id`) ON DELETE CASCADE ON UPDATE CASCADE
) ENGINE=InnoDB AUTO_INCREMENT=151 DEFAULT CHARSET=utf8mb4 COLLATE=utf8mb4_0900_ai_ci;
/*!40101 SET character_set_client = @saved_cs_client */;

--
-- Dumping data for table `actions`
--

LOCK TABLES `actions` WRITE;
/*!40000 ALTER TABLE `actions` DISABLE KEYS */;
INSERT INTO `actions` VALUES (1,'Acción 1','medium',4,1),(2,'Acción 2','medium',9,1),(3,'Acción 3','high',11,1),(4,'Acción 4','low',NULL,1),(5,'asdasddddd','high',3,7),(6,'gggggg','high',11,7),(7,'sdgs','low',9,8),(8,'bbbbb','low',17,8),(9,'nueva','medium',10,9),(10,'Acción Asunto Difusión y sensibilización',NULL,NULL,10),(11,'Acción Asunto Formación',NULL,NULL,11),(12,'Acción Asunto Salud pública',NULL,NULL,12),(13,'Acción Asunto Biodiversidad',NULL,NULL,13),(14,'Acción Asunto Contratación de servicios',NULL,NULL,14),(15,'Acción Asunto Economía circular y gestión de residuos',NULL,NULL,15),(16,'Acción Asunto Gestión sostenible del recurso hídrico',NULL,NULL,16),(17,'Acción Asunto Gestión sostenible de equipamientos y mobiliario',NULL,NULL,17),(18,'Acción Asunto Sanidad vegetal',NULL,NULL,18),(19,'Acción Asunto Transición energética y cambio climático',NULL,NULL,19),(20,'Acción Asunto Accesibilidad e inclusión',NULL,NULL,20),(21,'Acción Asunto Conservación, protección y salvaguarda del patrimonio',NULL,NULL,21),(22,'Acción Asunto Empleo y condiciones laborales',NULL,NULL,22),(23,'Acción Asunto Gestión económica sostenible',NULL,NULL,23),(24,'Acción Asunto Gestión sostenible del turismo',NULL,NULL,24),(25,'Acción Asunto Igualdad de oportunidades',NULL,NULL,25),(26,'Acción Asunto Inversión y financiación',NULL,NULL,26),(27,'Acción Asunto Transformación digital',NULL,NULL,27),(28,'Acción Asunto Usuarios, usuarias y comunidad local',NULL,NULL,28),(29,'Acción Asunto Gestión ética, buen gobierno y transparencia',NULL,NULL,29),(30,'Acción Asunto Participación ciudadana',NULL,NULL,30),(31,'Acción Asunto Alianzas y colaboraciones público-privadas',NULL,NULL,31),(76,'Acción Asunto Difusión y sensibilización',NULL,NULL,86),(77,'Acción Asunto Formación',NULL,NULL,87),(78,'Acción Asunto Salud pública',NULL,NULL,88),(79,'Acción Asunto Biodiversidad',NULL,NULL,89),(80,'Acción Asunto Contratación de servicios',NULL,NULL,90),(81,'Acción Asunto Economía circular y gestión de residuos',NULL,NULL,91),(82,'Acción Asunto Gestión sostenible del recurso hídrico',NULL,NULL,92),(83,'Acción Asunto Gestión sostenible de equipamientos y mobiliario',NULL,NULL,93),(84,'Acción Asunto Sanidad vegetal',NULL,NULL,94),(85,'Acción Asunto Transición energética y cambio climático',NULL,NULL,95),(86,'Acción Asunto Accesibilidad e inclusión',NULL,NULL,96),(87,'Acción Asunto Conservación, protección y salvaguarda del patrimonio',NULL,NULL,97),(88,'Acción Asunto Empleo y condiciones laborales',NULL,NULL,98),(89,'Acción Asunto Gestión económica sostenible',NULL,NULL,99),(90,'Acción Asunto Gestión sostenible del turismo',NULL,NULL,100),(91,'Acción Asunto Igualdad de oportunidades',NULL,NULL,101),(92,'Acción Asunto Inversión y financiación',NULL,NULL,102),(93,'Acción Asunto Transformación digital',NULL,NULL,103),(94,'Acción Asunto Usuarios, usuarias y comunidad local',NULL,NULL,104),(95,'Acción Asunto Gestión ética, buen gobierno y transparencia',NULL,NULL,105),(96,'Acción Asunto Participación ciudadana',NULL,NULL,106),(97,'Acción Asunto Alianzas y colaboraciones público-privadas',NULL,NULL,107),(98,'Acción 1','medium',4,108),(99,'Acción 2','medium',9,108),(100,'Acción 3','high',11,108),(101,'Acción 4','low',NULL,108),(102,'asdasddddd','high',3,113),(103,'gggggg','high',11,113),(104,'sdgs','low',9,114),(105,'bbbbb','low',17,114),(106,'nueva','medium',10,115),(107,'Acción Asunto Difusión y sensibilización',NULL,2,116),(108,'Acción Asunto Formación',NULL,3,117),(109,'Acción Asunto Salud pública',NULL,4,118),(110,'Acción Asunto Biodiversidad',NULL,6,119),(111,'Acción Asunto Contratación de servicios',NULL,12,120),(112,'Acción Asunto Economía circular y gestión de residuos',NULL,NULL,121),(113,'Acción Asunto Gestión sostenible del recurso hídrico',NULL,NULL,122),(114,'Acción Asunto Gestión sostenible de equipamientos y mobiliario',NULL,11,123),(115,'Acción Asunto Sanidad vegetal',NULL,NULL,124),(116,'Acción Asunto Transición energética y cambio climático',NULL,NULL,125),(117,'Acción Asunto Accesibilidad e inclusión',NULL,NULL,126),(118,'Acción Asunto Conservación, protección y salvaguarda del patrimonio',NULL,NULL,127),(119,'Acción Asunto Empleo y condiciones laborales',NULL,8,128),(120,'Acción Asunto Gestión económica sostenible',NULL,NULL,129),(121,'Acción Asunto Gestión sostenible del turismo',NULL,NULL,130),(122,'Acción Asunto Igualdad de oportunidades',NULL,NULL,131),(123,'Acción Asunto Inversión y financiación',NULL,NULL,132),(124,'Acción Asunto Transformación digital',NULL,NULL,133),(125,'Acción Asunto Usuarios, usuarias y comunidad local',NULL,NULL,134),(126,'Acción Asunto Gestión ética, buen gobierno y transparencia',NULL,NULL,135),(127,'Acción Asunto Participación ciudadana',NULL,NULL,136),(128,'Acción Asunto Alianzas y colaboraciones público-privadas',NULL,17,137);
/*!40000 ALTER TABLE `actions` ENABLE KEYS */;
UNLOCK TABLES;

--
-- Table structure for table `alembic_version`
--

DROP TABLE IF EXISTS `alembic_version`;
/*!40101 SET @saved_cs_client     = @@character_set_client */;
/*!50503 SET character_set_client = utf8mb4 */;
CREATE TABLE `alembic_version` (
  `version_num` varchar(32) NOT NULL,
  PRIMARY KEY (`version_num`)
) ENGINE=InnoDB DEFAULT CHARSET=utf8mb4 COLLATE=utf8mb4_0900_ai_ci;
/*!40101 SET character_set_client = @saved_cs_client */;

--
-- Dumping data for table `alembic_version`
--

LOCK TABLES `alembic_version` WRITE;
/*!40000 ALTER TABLE `alembic_version` DISABLE KEYS */;
INSERT INTO `alembic_version` VALUES ('78f38465185c');
/*!40000 ALTER TABLE `alembic_version` ENABLE KEYS */;
UNLOCK TABLES;

--
-- Table structure for table `assessments`
--

DROP TABLE IF EXISTS `assessments`;
/*!40101 SET @saved_cs_client     = @@character_set_client */;
/*!50503 SET character_set_client = utf8mb4 */;
CREATE TABLE `assessments` (
  `id` int NOT NULL AUTO_INCREMENT,
  `score` int NOT NULL,
  `material_topic_id` int NOT NULL,
  `stakeholder_id` int NOT NULL,
  PRIMARY KEY (`id`),
  KEY `material_topic_id` (`material_topic_id`),
  KEY `stakeholder_id` (`stakeholder_id`),
  CONSTRAINT `assessments_ibfk_1` FOREIGN KEY (`material_topic_id`) REFERENCES `material_topics` (`id`) ON DELETE CASCADE ON UPDATE CASCADE,
  CONSTRAINT `assessments_ibfk_2` FOREIGN KEY (`stakeholder_id`) REFERENCES `stakeholders` (`id`) ON DELETE CASCADE ON UPDATE CASCADE
) ENGINE=InnoDB AUTO_INCREMENT=329 DEFAULT CHARSET=utf8mb4 COLLATE=utf8mb4_0900_ai_ci;
/*!40101 SET character_set_client = @saved_cs_client */;

--
-- Dumping data for table `assessments`
--

LOCK TABLES `assessments` WRITE;
/*!40000 ALTER TABLE `assessments` DISABLE KEYS */;
INSERT INTO `assessments` VALUES (21,3,1,2),(22,4,2,2),(23,5,3,2),(24,5,4,2),(25,5,5,2),(26,5,6,2),(27,5,7,2),(28,2,8,2),(29,2,9,2),(30,3,10,2),(31,4,11,2),(32,5,12,2),(33,1,13,2),(34,2,14,2),(35,3,15,2),(36,4,16,2),(37,5,17,2),(38,3,18,2),(39,4,19,2),(40,1,20,2),(41,3,1,4),(42,2,2,4),(43,1,3,4),(44,5,4,4),(45,3,5,4),(46,2,6,4),(47,5,7,4),(48,2,8,4),(49,5,9,4),(50,2,10,4),(51,5,11,4),(52,2,12,4),(53,5,13,4),(54,2,14,4),(55,5,15,4),(56,2,16,4),(57,5,17,4),(58,5,18,4),(59,5,19,4),(60,5,20,4),(61,5,1,4),(62,5,2,4),(63,5,3,4),(64,5,4,4),(65,5,5,4),(66,5,6,4),(67,5,7,4),(68,5,8,4),(69,5,9,4),(70,5,10,4),(71,5,11,4),(72,5,12,4),(73,5,13,4),(74,5,14,4),(75,5,15,4),(76,5,16,4),(77,5,17,4),(78,5,18,4),(79,5,19,4),(80,5,20,4),(81,7,21,6),(82,3,22,6),(83,5,23,6),(84,7,24,6),(85,7,25,6),(86,5,26,6),(87,3,27,6),(88,2,28,6),(89,4,29,6),(90,1,30,6),(91,7,31,6),(92,7,32,6),(93,2,33,6),(94,1,34,6),(95,7,36,6),(96,2,37,6),(97,3,38,6),(98,2,39,6),(99,1,40,6),(100,7,41,6),(101,3,42,6),(102,7,43,6),(103,7,21,5),(104,4,22,5),(105,3,23,5),(106,4,24,5),(107,7,25,5),(108,6,26,5),(109,2,27,5),(110,4,28,5),(111,5,29,5),(112,3,30,5),(113,7,31,5),(114,6,32,5),(115,6,33,5),(116,3,34,5),(117,7,36,5),(118,7,37,5),(119,4,38,5),(120,2,39,5),(121,5,40,5),(122,7,41,5),(123,3,42,5),(124,5,43,5),(125,7,21,13),(126,4,22,13),(127,2,23,13),(128,4,24,13),(129,7,25,13),(130,6,26,13),(131,2,27,13),(132,4,28,13),(133,5,29,13),(134,3,30,13),(135,7,31,13),(136,6,32,13),(137,6,33,13),(138,3,34,13),(139,7,36,13),(140,7,37,13),(141,4,38,13),(142,2,39,13),(143,5,40,13),(144,7,41,13),(145,4,42,13),(146,5,43,13),(147,6,21,5),(148,6,22,5),(149,6,23,5),(150,6,24,5),(151,7,25,5),(152,7,26,5),(153,4,27,5),(154,5,28,5),(155,4,29,5),(156,5,30,5),(157,7,31,5),(158,7,32,5),(159,7,33,5),(160,6,34,5),(161,7,36,5),(162,7,37,5),(163,7,38,5),(164,4,39,5),(165,5,40,5),(166,7,41,5),(167,6,42,5),(168,6,43,5),(169,5,21,5),(170,4,22,5),(171,3,23,5),(172,4,24,5),(173,3,25,5),(174,2,26,5),(175,5,27,5),(176,2,28,5),(177,5,29,5),(178,6,30,5),(179,2,31,5),(180,2,32,5),(181,3,33,5),(182,3,34,5),(183,4,36,5),(184,2,37,5),(185,7,38,5),(186,3,39,5),(187,7,40,5),(188,3,41,5),(189,5,42,5),(190,4,43,5),(192,2,21,11),(193,4,22,11),(194,3,23,11),(195,3,24,11),(196,2,25,11),(197,2,26,11),(198,4,27,11),(199,6,28,11),(200,3,29,11),(201,3,30,11),(202,7,31,11),(203,3,32,11),(204,6,33,11),(205,2,34,11),(206,4,36,11),(207,2,37,11),(208,4,38,11),(209,5,39,11),(210,4,40,11),(211,4,41,11),(212,3,42,11),(213,4,43,11),(215,5,21,7),(216,1,22,7),(217,1,23,7),(218,3,24,7),(219,3,25,7),(220,3,26,7),(221,3,27,7),(222,3,28,7),(223,3,29,7),(224,3,30,7),(225,4,31,7),(226,5,32,7),(227,3,33,7),(228,4,34,7),(229,5,36,7),(230,5,37,7),(231,4,38,7),(232,6,39,7),(233,6,40,7),(234,3,41,7),(235,6,42,7),(236,7,43,7),(238,6,21,7),(239,4,22,7),(240,4,23,7),(241,4,24,7),(242,3,25,7),(243,4,26,7),(244,4,27,7),(245,3,28,7),(246,3,29,7),(247,3,30,7),(248,6,31,7),(249,4,32,7),(250,4,33,7),(251,4,34,7),(252,3,36,7),(253,3,37,7),(254,4,38,7),(255,4,39,7),(256,3,40,7),(257,4,41,7),(258,2,42,7),(259,7,43,7),(262,5,21,6),(263,3,22,6),(264,3,23,6),(265,7,24,6),(266,3,25,6),(267,3,26,6),(268,6,27,6),(269,5,28,6),(270,4,29,6),(271,5,30,6),(272,4,31,6),(273,6,32,6),(274,5,33,6),(275,5,34,6),(276,4,36,6),(277,3,37,6),(278,7,38,6),(279,5,39,6),(280,3,40,6),(281,1,41,6),(282,5,42,6),(283,6,43,6),(285,4,136,46),(286,5,137,46),(287,2,138,46),(288,7,139,46),(289,4,140,46),(290,5,141,46),(291,7,142,46),(292,3,143,46),(293,5,144,46),(294,7,145,46),(295,7,146,46),(296,3,147,46),(297,6,148,46),(298,4,149,46),(299,2,150,46),(300,7,151,46),(301,7,152,46),(302,4,153,46),(303,3,154,46),(304,7,155,46),(305,7,156,46),(306,2,157,46),(307,7,136,44),(308,3,137,44),(309,5,138,44),(310,3,139,44),(311,6,140,44),(312,2,141,44),(313,4,142,44),(314,7,143,44),(315,5,144,44),(316,3,145,44),(317,6,146,44),(318,3,147,44),(319,7,148,44),(320,3,149,44),(321,7,150,44),(322,7,151,44),(323,4,152,44),(324,7,153,44),(325,7,154,44),(326,4,155,44),(327,4,156,44),(328,7,157,44);
/*!40000 ALTER TABLE `assessments` ENABLE KEYS */;
UNLOCK TABLES;

--
-- Table structure for table `diagnosis_indicators`
--

DROP TABLE IF EXISTS `diagnosis_indicators`;
/*!40101 SET @saved_cs_client     = @@character_set_client */;
/*!50503 SET character_set_client = utf8mb4 */;
CREATE TABLE `diagnosis_indicators` (
  `id` int NOT NULL AUTO_INCREMENT,
  `name` text NOT NULL,
  `type` enum('quantitative','qualitative') NOT NULL,
  `material_topic_id` int NOT NULL,
  PRIMARY KEY (`id`),
  KEY `material_topic_id` (`material_topic_id`),
  CONSTRAINT `diagnosis_indicators_ibfk_1` FOREIGN KEY (`material_topic_id`) REFERENCES `material_topics` (`id`) ON DELETE CASCADE ON UPDATE CASCADE
) ENGINE=InnoDB AUTO_INCREMENT=648 DEFAULT CHARSET=utf8mb4 COLLATE=utf8mb4_0900_ai_ci;
/*!40101 SET character_set_client = @saved_cs_client */;

--
-- Dumping data for table `diagnosis_indicators`
--

LOCK TABLES `diagnosis_indicators` WRITE;
/*!40000 ALTER TABLE `diagnosis_indicators` DISABLE KEYS */;
INSERT INTO `diagnosis_indicators` VALUES (2,'Holaa','qualitative',1),(3,'Hola2','qualitative',2),(4,'¿Su recurso tiene o participa en algún plan o estrategia de divulgación y educación en sostenibilidad basada en el patrimonio cultural? (En caso afirmativo, indique cuál o cuáles y una breve descripción [nombre, objetivos, temporalidad…])','qualitative',21),(5,'¿Su recurso cuenta con algún reconocimiento, mención o premio? (En caso afirmativo, indique cuál o cuáles.)','qualitative',21),(6,'¿Se llevan a cabo acciones para innovar y actualizar los contenidos en el recurso patrimonial? ','qualitative',21),(7,'¿Dispone de redes sociales u otros canales similares de información y difusión?','qualitative',21),(8,'N.º de actividades de divulgación y educación realizadas en el último año','quantitative',21),(9,'N.º de canales de divulgación que posee el recurso patrimonial','quantitative',21),(10,'N.º de personas que han asistido a las actividades realizadas en el último año','quantitative',21),(11,'N.º de publicaciones presentadas en el último año','quantitative',21),(12,'N.º de publicaciones mensuales en redes sociales y canales de divulgación','quantitative',21),(13,'N.º de visitas anuales al recurso patrimonial. ','quantitative',21),(14,'Tasa de participación en las actividades realizadas según las plazas ofertadas','quantitative',21),(15,'¿Su recurso patrimonial cuenta con algún plan o estrategia de formación? En caso afirmativo, indique específicamente cuál, la fase en la que se encuentra (en elaboración o vigente) y su vigencia temporal','qualitative',22),(16,'¿Se llevan a cabo actividades de formación para las personas que forman la plantilla del recurso patrimonial?','qualitative',22),(17,'¿Se llevan a cabo actividades de formación para personas ajenas al recurso patrimonial?','qualitative',22),(18,'N.º de actividades de formación realizadas en el último año','quantitative',22),(19,'Tasa de participación en las actividades realizadas según las plazas ofertadas','quantitative',22),(20,'N.º de personas que han asistido a las actividades de formación realizadas en el último año','quantitative',22),(21,'¿Cuenta o participa en algún plan o estrategia de evaluación, control o mejora de la salud pública y confort de los usuarios de su recurso patrimonial? (En caso afirmativo, indique específicamente cuál, la fase en la que se encuentra (en elaboración o vigente) y su vigencia temporal','qualitative',23),(22,'¿En su recurso patrimonial existen elementos que mejoran el bienestar y confort del usuario?','qualitative',23),(23,'Capacidad de amortiguación del ruido en el interior del recurso patrimonial','quantitative',23),(24,'N.º de elementos que ayudan al confort de la persona usuaria (vegetación, agua, calidad del aire, iluminación…)','quantitative',23),(25,'Temperatura media en verano en el recurso patrimonial cultural','quantitative',23),(26,'Temperatura media en invierno en el recurso patrimonial cultural','quantitative',23),(27,'Humedad media en verano en el recurso patrimonial cultural','quantitative',23),(28,'Humedad media en invernio en el recurso patrimonial cultural','quantitative',23),(29,'Índice de presencia de alérgenos (solo en caso de recursos patrimoniales culturales con jardines)','qualitative',23),(30,'¿Existe variedad de especies vegetales en su recurso patrimonial? ¿Cuenta con alguna estrategia que contribuya a su mantenimiento y enriquecimiento?','qualitative',24),(31,'N.º de especies vegetales diferentes existentes en el recurso patrimonial','quantitative',24),(32,'¿El recurso patrimonial necesita y hace uso de servicios externos? ','qualitative',25),(33,'¿Su recurso patrimonial cuenta o participa en algún plan o estrategia para la contratación de servicios y proveedores que cumplan criterios sostenibles? (En caso afirmativo, indique específicamente cuál, la fase en la que se encuentra (en elaboración o vigente) y su vigencia temporal)','qualitative',25),(34,'N.º de servicios externos contratados','quantitative',25),(35,'Proporción de productos y proveedores locales','quantitative',25),(36,'Proporción o nº de proveedores sostenibles','quantitative',25),(37,'¿Su recurso patrimonial cuenta o participa en algún plan o estrategia de gestión de residuos que favorezca la recogida selectiva y la posterior administración controlada de residuos? (En caso afirmativo, indique específicamente cuál, la fase en la que se encuentra (en elaboración o vigente) y su vigencia temporal)','qualitative',26),(38,'Proporción de residuos reciclados','quantitative',26),(39,'¿Su recurso patrimonial cuenta o participa en algún plan o estrategia de gestión sostenible del recurso hídrico? (En caso afirmativo, indique específicamente cuál, la fase en la que se encuentra (en elaboración o vigente) y su vigencia temporal)','qualitative',27),(40,'¿Se dispone de infraestructuras para gestionar la recogida y aprovechamiento del agua? ¿En su recurso patrimonial existen pozos o aljibes de los cuales obtener agua de riego?','qualitative',27),(41,'Consumo de agua en el recurso patrimonial durante el último año','quantitative',27),(42,'Proporción de agua procedente de pozos o aljibes empleada en el riego de la vegetación o patios existentes en el recurso patrimonial','quantitative',27),(43,'Proporción de riegos eficientes (para recursos patrimoniales culturales con grandes espacios ajardinados)','quantitative',27),(44,'¿En su recurso patrimonial cuentan con elementos y mobiliario de bajo mantenimiento y largo rendimiento? ','qualitative',28),(45,'¿En su recurso patrimonial reutilizan elementos en distintas actividades u ocasiones?','qualitative',28),(46,'Proporción de materiales y elementos reutilizados en distintas actividades','quantitative',28),(47,'¿Se disponen de medios y/o mecanismos de evaluación, control y prevención de riesgos para garantizar el cuidado y mantenimiento de las plantas? ','qualitative',29),(48,'Cantidad de productos químicos -fertilizantes y fitosanitarios- empleados','quantitative',29),(49,'¿En su recurso patrimonial existe algún plan o estrategia de eficiencia energética? (En caso afirmativo, indique específicamente cuál, la fase en la que se encuentra (en elaboración o vigente) y su vigencia temporal)','qualitative',30),(50,'¿En su recurso patrimonial existe algún plan o estrategia de adaptación y/o mitigación del cambio climático? (En caso afirmativo, indique específicamente cuál, la fase en la que se encuentra (en elaboración o vigente) y su vigencia temporal)','qualitative',30),(51,'Consumo de electricidad durante un año (facturas)','quantitative',30),(52,'Proporción de energía procedente de autoconsumo','quantitative',30),(53,'N.º de sistemas de acondicionamiento pasivo','quantitative',30),(54,'¿Cuenta con algún plan o estrategia de accesibilidad e inclusión al recurso patrimonial? (En caso afirmativo, indique específicamente cuál, la fase en la que se encuentra (en elaboración o vigente) y su vigencia temporal)','qualitative',31),(55,'¿Existe información para personas en situación de discapacidad? (véanse tipos de discapacidad)','qualitative',31),(56,'¿Existen señales adaptadas a personas en situación de discapacidad? (véanse tipos de discapacidad)','qualitative',31),(57,'¿Existen tasas reducidas para usuarios de distintos colectivos? (riesgo de exclusión social, 3ª edad, estudiantes…)','qualitative',31),(58,'Proporción de superficie accesible a personas con discapacidad','quantitative',31),(59,'Proporción de equipamiento y mobiliario adaptado','quantitative',31),(60,'Grado de satisfacción de visitantes (encuestas)','quantitative',31),(61,'¿Su recurso patrimonial cuenta con algún plan o estrategia relativa a la conservación, protección y/o salvaguarda del patrimonio? (En caso afirmativo, indique específicamente cuál, la fase en la que se encuentra (en elaboración o vigente) y su vigencia temporal) ','qualitative',32),(62,'¿En su recurso patrimonial se llevan a cabo actuaciones de conservación preventiva?','qualitative',32),(63,'¿En su recurso patrimonial se llevan a cabo actuaciones concretas sobre elementos patrimoniales para su conservación?','qualitative',32),(64,'N.º de actividades dedicadas a la conservación, protección y salvaguarda del recurso patrimonial','quantitative',32),(65,'N.º de actuaciones dedicadas a la conservación, protección y salvaguarda del recurso patrimonial','quantitative',32),(66,'¿Cuenta o participa en algún plan o estrategia que fomente el empleo en el recurso patrimonial? En caso afirmativo, indique cuál o cuáles y una breve descripción','qualitative',33),(67,'¿Su recurso patrimonial cuenta con algún plan de conciliación familiar?','qualitative',33),(68,'¿En su recurso patrimonial cuentan con algún plan o estrategia de gestión económica sostenible? (En caso afirmativo, indique específicamente cuál, la fase en la que se encuentra (en elaboración o vigente) y su vigencia temporal)','qualitative',34),(69,'¿Existen mecanismos de seguimiento y control de gastos e ingresos? ','qualitative',34),(70,'Porcentaje anual de ingresos sobre gastos','quantitative',34),(71,'Porcentaje de gasto corriente destinado a cada asunto relevante','quantitative',34),(72,'Porcentaje de gasto anual procedente de financiación externa','quantitative',34),(73,'¿Existe alguna estrategia en su recurso patrimonial que ayude a minimizar el impacto negativo del turismo en el entorno y así hacerlo más sostenible?','qualitative',36),(74,'N.º de estrategias o actuaciones vinculadas a fomentar el turismo sostenible ','quantitative',36),(75,'Capacidad de carga en el recurso patrimonial','quantitative',36),(76,'N.º de visitantes a lo largo del año teniendo en cuenta la temporalidad','quantitative',36),(77,'Grado de satisfacción de la población local respecto al turismo (encuestas)','quantitative',36),(78,'Índice de paridad de género en la estructura organizativa','quantitative',37),(79,'¿Existe algún plan o estrategia que favorezca la igualdad de oportunidades en su recurso patrimonial? (En caso afirmativo, indique específicamente cuál, la fase en la que se encuentra (en elaboración o vigente) y su vigencia temporal)','qualitative',37),(80,'Proporción de personas en riesgo de pobreza y exclusión (ERPE) que regularmente prestan servicio','quantitative',37),(81,'Proporción de personas con una discapacidad igual o superior al 33% que regularmente prestan servicio','quantitative',37),(82,'¿Su recurso patrimonial cuenta con algún plan para obtener inversión y financiación alternativa? (En caso afirmativo, indique específicamente cuál, la fase en la que se encuentra (en elaboración o vigente) y su vigencia temporal)','qualitative',38),(83,'¿Existe financiación pública y/o privada que permita el mantenimiento de su recurso? En caso afirmativo, indique cuál. ','qualitative',38),(84,'Proporción de gasto de inversiones','quantitative',38),(85,'Proporción de gasto corriente en un año','quantitative',38),(86,'Proporción de presupuesto anual procedente de financiación externa','quantitative',38),(87,'¿Dispone de algún plan para la incorporación de nuevas tecnologías al servicio de su recurso patrimonial? (En caso afirmativo, indique específicamente cuál, la fase en la que se encuentra (en elaboración o vigente) y su vigencia temporal y breve descripción)','qualitative',39),(88,'¿Se fomenta el empleo de recursos digitales para su gestión, así como para las personas usuarias?','qualitative',39),(89,'N.º de recursos tecnológicos empleados en la gestión del recurso patrimonial (gestión informática de visitantes, publicación en redes sociales, página web, etc.)','quantitative',39),(90,'Porcentaje de archivo digitalizado','quantitative',39),(91,'Porcentaje de patrimonio digitalizado (vistas 360º, levantamientos, recreaciones virtuales, etc.)','quantitative',39),(92,'¿Su recurso patrimonial cuenta con alguna estrategia que favorezca la vinculación con la comunidad? (En caso afirmativo, indique específicamente cuál, la fase en la que se encuentra (en elaboración o vigente) y su vigencia temporal)','qualitative',40),(93,'¿Su recurso patrimonial cuenta con algún plan que vele por la seguridad y salud de las personas usuarias? (En caso afirmativo, indique específicamente cuál, la fase en la que se encuentra (en elaboración o vigente) y su vigencia temporal)','qualitative',40),(94,'¿En su recurso patrimonial existe un plan para mejora de la experiencia de las personas usuarias?','qualitative',40),(95,'N.º de actividades llevadas a cabo con la comunidad local ','quantitative',40),(96,'Proporción de visitantes locales respecto a las totales','quantitative',40),(97,'¿Su recurso patrimonial cuenta con un código de buenas prácticas o instrumento similar para su gestión? (En caso afirmativo, adjunte el mismo como anexo)','qualitative',41),(98,'¿Cuenta con un plan de información o comunicación sobre el estado y la gestión del recurso patrimonial? (En caso afirmativo, indique específicamente cuál, la fase en la que se encuentra (en elaboración o vigente) y su vigencia temporal)','qualitative',41),(99,'¿Se publican memorias de sostenibilidad o progreso? (En caso afirmativo, indique específicamente cuál, la fase en la que se encuentra (en elaboración o vigente) y su vigencia temporal) ','qualitative',41),(100,'¿Existe transparencia en las tomas de decisiones acerca de la gestión del recurso patrimonial?','qualitative',41),(101,'¿Existe algún plan que fomente la participación ciudadana en la toma de decisiones de su recurso patrimonial? (En caso afirmativo, indique específicamente cuál, la fase en la que se encuentra (en elaboración o vigente) y su vigencia temporal)','qualitative',42),(102,'¿Cuenta con algún plan o estrategia de formación de voluntariado en su recurso patrimonial? (En caso afirmativo, indique específicamente cuál, la fase en la que se encuentra (en elaboración o vigente) y su vigencia temporal)','qualitative',42),(103,'¿Cuenta con algún plan o estrategia de integración de personas mayores en voluntariado o metodologías participativas en su recurso patrimonial? (En caso afirmativo, indique específicamente cuál, la fase en la que se encuentra (en elaboración o vigente) y su vigencia temporal)','qualitative',42),(104,'N.º de procesos y eventos participativos realizados en el último año','quantitative',42),(105,'N.º de actividades o trabajos realizados por petición de los grupos de interés','quantitative',42),(106,'N.º de personas activas en labores de voluntariado','quantitative',42),(107,'¿Cuenta o participa en alianzas o colaboraciones con otras entidades o servicios públicos a fin de mejorar la gestión sostenible de su recurso patrimonial? (En caso afirmativo, indique específicamente cuál, la fase en la que se encuentra (en elaboración o vigente) y su vigencia temporal)','qualitative',43),(108,'¿Cuenta o participa en alianzas o colaboraciones con otras entidades privadas a fin de mejorar la gestión sostenible?','qualitative',43),(109,'N.º de convenios o acciones de colaboración con entidades tanto públicas como privadas','quantitative',43),(110,'N.º de instituciones o entidades con las que colabora el recurso patrimonial','quantitative',43),(325,'¿Su recurso tiene o participa en algún plan o estrategia de divulgación y educación en sostenibilidad basada en el patrimonio cultural? (En caso afirmativo, indique cuál o cuáles y una breve descripción [nombre, objetivos, temporalidad…])','qualitative',94),(326,'¿Su recurso cuenta con algún reconocimiento, mención o premio? (En caso afirmativo, indique cuál o cuáles.)','qualitative',94),(327,'¿Se llevan a cabo acciones para innovar y actualizar los contenidos en el recurso patrimonial? ','qualitative',94),(328,'¿Dispone de redes sociales u otros canales similares de información y difusión?','qualitative',94),(329,'N.º de actividades de divulgación y educación realizadas en el último año','quantitative',94),(330,'N.º de canales de divulgación que posee el recurso patrimonial','quantitative',94),(331,'N.º de personas que han asistido a las actividades realizadas en el último año','quantitative',94),(332,'N.º de publicaciones presentadas en el último año','quantitative',94),(333,'N.º de publicaciones mensuales en redes sociales y canales de divulgación','quantitative',94),(334,'N.º de visitas anuales al recurso patrimonial. ','quantitative',94),(335,'Tasa de participación en las actividades realizadas según las plazas ofertadas','quantitative',94),(336,'¿Su recurso patrimonial cuenta con algún plan o estrategia de formación? En caso afirmativo, indique específicamente cuál, la fase en la que se encuentra (en elaboración o vigente) y su vigencia temporal','qualitative',95),(337,'¿Se llevan a cabo actividades de formación para las personas que forman la plantilla del recurso patrimonial?','qualitative',95),(338,'¿Se llevan a cabo actividades de formación para personas ajenas al recurso patrimonial?','qualitative',95),(339,'N.º de actividades de formación realizadas en el último año','quantitative',95),(340,'Tasa de participación en las actividades realizadas según las plazas ofertadas','quantitative',95),(341,'N.º de personas que han asistido a las actividades de formación realizadas en el último año','quantitative',95),(342,'¿Cuenta o participa en algún plan o estrategia de evaluación, control o mejora de la salud pública y confort de los usuarios de su recurso patrimonial? (En caso afirmativo, indique específicamente cuál, la fase en la que se encuentra (en elaboración o vigente) y su vigencia temporal','qualitative',96),(343,'¿En su recurso patrimonial existen elementos que mejoran el bienestar y confort del usuario?','qualitative',96),(344,'Capacidad de amortiguación del ruido en el interior del recurso patrimonial','quantitative',96),(345,'N.º de elementos que ayudan al confort de la persona usuaria (vegetación, agua, calidad del aire, iluminación…)','quantitative',96),(346,'Temperatura media en verano en el recurso patrimonial cultural','quantitative',96),(347,'Temperatura media en invierno en el recurso patrimonial cultural','quantitative',96),(348,'Humedad media en verano en el recurso patrimonial cultural','quantitative',96),(349,'Humedad media en invernio en el recurso patrimonial cultural','quantitative',96),(350,'Índice de presencia de alérgenos (solo en caso de recursos patrimoniales culturales con jardines)','qualitative',96),(351,'¿Existe variedad de especies vegetales en su recurso patrimonial? ¿Cuenta con alguna estrategia que contribuya a su mantenimiento y enriquecimiento?','qualitative',97),(352,'N.º de especies vegetales diferentes existentes en el recurso patrimonial','quantitative',97),(353,'¿El recurso patrimonial necesita y hace uso de servicios externos? ','qualitative',98),(354,'¿Su recurso patrimonial cuenta o participa en algún plan o estrategia para la contratación de servicios y proveedores que cumplan criterios sostenibles? (En caso afirmativo, indique específicamente cuál, la fase en la que se encuentra (en elaboración o vigente) y su vigencia temporal)','qualitative',98),(355,'N.º de servicios externos contratados','quantitative',98),(356,'Proporción de productos y proveedores locales','quantitative',98),(357,'Proporción o nº de proveedores sostenibles','quantitative',98),(358,'¿Su recurso patrimonial cuenta o participa en algún plan o estrategia de gestión de residuos que favorezca la recogida selectiva y la posterior administración controlada de residuos? (En caso afirmativo, indique específicamente cuál, la fase en la que se encuentra (en elaboración o vigente) y su vigencia temporal)','qualitative',99),(359,'Proporción de residuos reciclados','quantitative',99),(360,'¿Su recurso patrimonial cuenta o participa en algún plan o estrategia de gestión sostenible del recurso hídrico? (En caso afirmativo, indique específicamente cuál, la fase en la que se encuentra (en elaboración o vigente) y su vigencia temporal)','qualitative',100),(361,'¿Se dispone de infraestructuras para gestionar la recogida y aprovechamiento del agua? ¿En su recurso patrimonial existen pozos o aljibes de los cuales obtener agua de riego?','qualitative',100),(362,'Consumo de agua en el recurso patrimonial durante el último año','quantitative',100),(363,'Proporción de agua procedente de pozos o aljibes empleada en el riego de la vegetación o patios existentes en el recurso patrimonial','quantitative',100),(364,'Proporción de riegos eficientes (para recursos patrimoniales culturales con grandes espacios ajardinados)','quantitative',100),(365,'¿En su recurso patrimonial cuentan con elementos y mobiliario de bajo mantenimiento y largo rendimiento? ','qualitative',101),(366,'¿En su recurso patrimonial reutilizan elementos en distintas actividades u ocasiones?','qualitative',101),(367,'Proporción de materiales y elementos reutilizados en distintas actividades','quantitative',101),(368,'¿Se disponen de medios y/o mecanismos de evaluación, control y prevención de riesgos para garantizar el cuidado y mantenimiento de las plantas? ','qualitative',102),(369,'Cantidad de productos químicos -fertilizantes y fitosanitarios- empleados','quantitative',102),(370,'¿En su recurso patrimonial existe algún plan o estrategia de eficiencia energética? (En caso afirmativo, indique específicamente cuál, la fase en la que se encuentra (en elaboración o vigente) y su vigencia temporal)','qualitative',103),(371,'¿En su recurso patrimonial existe algún plan o estrategia de adaptación y/o mitigación del cambio climático? (En caso afirmativo, indique específicamente cuál, la fase en la que se encuentra (en elaboración o vigente) y su vigencia temporal)','qualitative',103),(372,'Consumo de electricidad durante un año (facturas)','quantitative',103),(373,'Proporción de energía procedente de autoconsumo','quantitative',103),(374,'N.º de sistemas de acondicionamiento pasivo','quantitative',103),(375,'¿Cuenta con algún plan o estrategia de accesibilidad e inclusión al recurso patrimonial? (En caso afirmativo, indique específicamente cuál, la fase en la que se encuentra (en elaboración o vigente) y su vigencia temporal)','qualitative',104),(376,'¿Existe información para personas en situación de discapacidad? (véanse tipos de discapacidad)','qualitative',104),(377,'¿Existen señales adaptadas a personas en situación de discapacidad? (véanse tipos de discapacidad)','qualitative',104),(378,'¿Existen tasas reducidas para usuarios de distintos colectivos? (riesgo de exclusión social, 3ª edad, estudiantes…)','qualitative',104),(379,'Proporción de superficie accesible a personas con discapacidad','quantitative',104),(380,'Proporción de equipamiento y mobiliario adaptado','quantitative',104),(381,'Grado de satisfacción de visitantes (encuestas)','quantitative',104),(382,'¿Su recurso patrimonial cuenta con algún plan o estrategia relativa a la conservación, protección y/o salvaguarda del patrimonio? (En caso afirmativo, indique específicamente cuál, la fase en la que se encuentra (en elaboración o vigente) y su vigencia temporal) ','qualitative',105),(383,'¿En su recurso patrimonial se llevan a cabo actuaciones de conservación preventiva?','qualitative',105),(384,'¿En su recurso patrimonial se llevan a cabo actuaciones concretas sobre elementos patrimoniales para su conservación?','qualitative',105),(385,'N.º de actividades dedicadas a la conservación, protección y salvaguarda del recurso patrimonial','quantitative',105),(386,'N.º de actuaciones dedicadas a la conservación, protección y salvaguarda del recurso patrimonial','quantitative',105),(387,'¿Cuenta o participa en algún plan o estrategia que fomente el empleo en el recurso patrimonial? En caso afirmativo, indique cuál o cuáles y una breve descripción','qualitative',106),(388,'¿Su recurso patrimonial cuenta con algún plan de conciliación familiar?','qualitative',106),(389,'¿En su recurso patrimonial cuentan con algún plan o estrategia de gestión económica sostenible? (En caso afirmativo, indique específicamente cuál, la fase en la que se encuentra (en elaboración o vigente) y su vigencia temporal)','qualitative',107),(390,'¿Existen mecanismos de seguimiento y control de gastos e ingresos? ','qualitative',107),(391,'Porcentaje anual de ingresos sobre gastos','quantitative',107),(392,'Porcentaje de gasto corriente destinado a cada asunto relevante','quantitative',107),(393,'Porcentaje de gasto anual procedente de financiación externa','quantitative',107),(394,'¿Existe alguna estrategia en su recurso patrimonial que ayude a minimizar el impacto negativo del turismo en el entorno y así hacerlo más sostenible?','qualitative',108),(395,'N.º de estrategias o actuaciones vinculadas a fomentar el turismo sostenible ','quantitative',108),(396,'Capacidad de carga en el recurso patrimonial','quantitative',108),(397,'N.º de visitantes a lo largo del año teniendo en cuenta la temporalidad','quantitative',108),(398,'Grado de satisfacción de la población local respecto al turismo (encuestas)','quantitative',108),(399,'Índice de paridad de género en la estructura organizativa','quantitative',109),(400,'¿Existe algún plan o estrategia que favorezca la igualdad de oportunidades en su recurso patrimonial? (En caso afirmativo, indique específicamente cuál, la fase en la que se encuentra (en elaboración o vigente) y su vigencia temporal)','qualitative',109),(401,'Proporción de personas en riesgo de pobreza y exclusión (ERPE) que regularmente prestan servicio','quantitative',109),(402,'Proporción de personas con una discapacidad igual o superior al 33% que regularmente prestan servicio','quantitative',109),(403,'¿Su recurso patrimonial cuenta con algún plan para obtener inversión y financiación alternativa? (En caso afirmativo, indique específicamente cuál, la fase en la que se encuentra (en elaboración o vigente) y su vigencia temporal)','qualitative',110),(404,'¿Existe financiación pública y/o privada que permita el mantenimiento de su recurso? En caso afirmativo, indique cuál. ','qualitative',110),(405,'Proporción de gasto de inversiones','quantitative',110),(406,'Proporción de gasto corriente en un año','quantitative',110),(407,'Proporción de presupuesto anual procedente de financiación externa','quantitative',110),(408,'¿Dispone de algún plan para la incorporación de nuevas tecnologías al servicio de su recurso patrimonial? (En caso afirmativo, indique específicamente cuál, la fase en la que se encuentra (en elaboración o vigente) y su vigencia temporal y breve descripción)','qualitative',111),(409,'¿Se fomenta el empleo de recursos digitales para su gestión, así como para las personas usuarias?','qualitative',111),(410,'N.º de recursos tecnológicos empleados en la gestión del recurso patrimonial (gestión informática de visitantes, publicación en redes sociales, página web, etc.)','quantitative',111),(411,'Porcentaje de archivo digitalizado','quantitative',111),(412,'Porcentaje de patrimonio digitalizado (vistas 360º, levantamientos, recreaciones virtuales, etc.)','quantitative',111),(413,'¿Su recurso patrimonial cuenta con alguna estrategia que favorezca la vinculación con la comunidad? (En caso afirmativo, indique específicamente cuál, la fase en la que se encuentra (en elaboración o vigente) y su vigencia temporal)','qualitative',112),(414,'¿Su recurso patrimonial cuenta con algún plan que vele por la seguridad y salud de las personas usuarias? (En caso afirmativo, indique específicamente cuál, la fase en la que se encuentra (en elaboración o vigente) y su vigencia temporal)','qualitative',112),(415,'¿En su recurso patrimonial existe un plan para mejora de la experiencia de las personas usuarias?','qualitative',112),(416,'N.º de actividades llevadas a cabo con la comunidad local ','quantitative',112),(417,'Proporción de visitantes locales respecto a las totales','quantitative',112),(418,'¿Su recurso patrimonial cuenta con un código de buenas prácticas o instrumento similar para su gestión? (En caso afirmativo, adjunte el mismo como anexo)','qualitative',113),(419,'¿Cuenta con un plan de información o comunicación sobre el estado y la gestión del recurso patrimonial? (En caso afirmativo, indique específicamente cuál, la fase en la que se encuentra (en elaboración o vigente) y su vigencia temporal)','qualitative',113),(420,'¿Se publican memorias de sostenibilidad o progreso? (En caso afirmativo, indique específicamente cuál, la fase en la que se encuentra (en elaboración o vigente) y su vigencia temporal) ','qualitative',113),(421,'¿Existe transparencia en las tomas de decisiones acerca de la gestión del recurso patrimonial?','qualitative',113),(422,'¿Existe algún plan que fomente la participación ciudadana en la toma de decisiones de su recurso patrimonial? (En caso afirmativo, indique específicamente cuál, la fase en la que se encuentra (en elaboración o vigente) y su vigencia temporal)','qualitative',114),(423,'¿Cuenta con algún plan o estrategia de formación de voluntariado en su recurso patrimonial? (En caso afirmativo, indique específicamente cuál, la fase en la que se encuentra (en elaboración o vigente) y su vigencia temporal)','qualitative',114),(424,'¿Cuenta con algún plan o estrategia de integración de personas mayores en voluntariado o metodologías participativas en su recurso patrimonial? (En caso afirmativo, indique específicamente cuál, la fase en la que se encuentra (en elaboración o vigente) y su vigencia temporal)','qualitative',114),(425,'N.º de procesos y eventos participativos realizados en el último año','quantitative',114),(426,'N.º de actividades o trabajos realizados por petición de los grupos de interés','quantitative',114),(427,'N.º de personas activas en labores de voluntariado','quantitative',114),(428,'¿Cuenta o participa en alianzas o colaboraciones con otras entidades o servicios públicos a fin de mejorar la gestión sostenible de su recurso patrimonial? (En caso afirmativo, indique específicamente cuál, la fase en la que se encuentra (en elaboración o vigente) y su vigencia temporal)','qualitative',115),(429,'¿Cuenta o participa en alianzas o colaboraciones con otras entidades privadas a fin de mejorar la gestión sostenible?','qualitative',115),(430,'N.º de convenios o acciones de colaboración con entidades tanto públicas como privadas','quantitative',115),(431,'N.º de instituciones o entidades con las que colabora el recurso patrimonial','quantitative',115),(432,'Holaa','qualitative',116),(433,'Hola2','qualitative',117),(434,'¿Su recurso tiene o participa en algún plan o estrategia de divulgación y educación en sostenibilidad basada en el patrimonio cultural? (En caso afirmativo, indique cuál o cuáles y una breve descripción [nombre, objetivos, temporalidad…])','qualitative',136),(435,'¿Su recurso cuenta con algún reconocimiento, mención o premio? (En caso afirmativo, indique cuál o cuáles.)','qualitative',136),(436,'¿Se llevan a cabo acciones para innovar y actualizar los contenidos en el recurso patrimonial? ','qualitative',136),(437,'¿Dispone de redes sociales u otros canales similares de información y difusión?','qualitative',136),(438,'N.º de actividades de divulgación y educación realizadas en el último año','quantitative',136),(439,'N.º de canales de divulgación que posee el recurso patrimonial','quantitative',136),(440,'N.º de personas que han asistido a las actividades realizadas en el último año','quantitative',136),(441,'N.º de publicaciones presentadas en el último año','quantitative',136),(442,'N.º de publicaciones mensuales en redes sociales y canales de divulgación','quantitative',136),(443,'N.º de visitas anuales al recurso patrimonial. ','quantitative',136),(444,'Tasa de participación en las actividades realizadas según las plazas ofertadas','quantitative',136),(445,'¿Su recurso patrimonial cuenta con algún plan o estrategia de formación? En caso afirmativo, indique específicamente cuál, la fase en la que se encuentra (en elaboración o vigente) y su vigencia temporal','qualitative',137),(446,'¿Se llevan a cabo actividades de formación para las personas que forman la plantilla del recurso patrimonial?','qualitative',137),(447,'¿Se llevan a cabo actividades de formación para personas ajenas al recurso patrimonial?','qualitative',137),(448,'N.º de actividades de formación realizadas en el último año','quantitative',137),(449,'Tasa de participación en las actividades realizadas según las plazas ofertadas','quantitative',137),(450,'N.º de personas que han asistido a las actividades de formación realizadas en el último año','quantitative',137),(451,'¿Cuenta o participa en algún plan o estrategia de evaluación, control o mejora de la salud pública y confort de los usuarios de su recurso patrimonial? (En caso afirmativo, indique específicamente cuál, la fase en la que se encuentra (en elaboración o vigente) y su vigencia temporal','qualitative',138),(452,'¿En su recurso patrimonial existen elementos que mejoran el bienestar y confort del usuario?','qualitative',138),(453,'Capacidad de amortiguación del ruido en el interior del recurso patrimonial','quantitative',138),(454,'N.º de elementos que ayudan al confort de la persona usuaria (vegetación, agua, calidad del aire, iluminación…)','quantitative',138),(455,'Temperatura media en verano en el recurso patrimonial cultural','quantitative',138),(456,'Temperatura media en invierno en el recurso patrimonial cultural','quantitative',138),(457,'Humedad media en verano en el recurso patrimonial cultural','quantitative',138),(458,'Humedad media en invernio en el recurso patrimonial cultural','quantitative',138),(459,'Índice de presencia de alérgenos (solo en caso de recursos patrimoniales culturales con jardines)','qualitative',138),(460,'¿Existe variedad de especies vegetales en su recurso patrimonial? ¿Cuenta con alguna estrategia que contribuya a su mantenimiento y enriquecimiento?','qualitative',139),(461,'N.º de especies vegetales diferentes existentes en el recurso patrimonial','quantitative',139),(462,'¿El recurso patrimonial necesita y hace uso de servicios externos? ','qualitative',140),(463,'¿Su recurso patrimonial cuenta o participa en algún plan o estrategia para la contratación de servicios y proveedores que cumplan criterios sostenibles? (En caso afirmativo, indique específicamente cuál, la fase en la que se encuentra (en elaboración o vigente) y su vigencia temporal)','qualitative',140),(464,'N.º de servicios externos contratados','quantitative',140),(465,'Proporción de productos y proveedores locales','quantitative',140),(466,'Proporción o nº de proveedores sostenibles','quantitative',140),(467,'¿Su recurso patrimonial cuenta o participa en algún plan o estrategia de gestión de residuos que favorezca la recogida selectiva y la posterior administración controlada de residuos? (En caso afirmativo, indique específicamente cuál, la fase en la que se encuentra (en elaboración o vigente) y su vigencia temporal)','qualitative',141),(468,'Proporción de residuos reciclados','quantitative',141),(469,'¿Su recurso patrimonial cuenta o participa en algún plan o estrategia de gestión sostenible del recurso hídrico? (En caso afirmativo, indique específicamente cuál, la fase en la que se encuentra (en elaboración o vigente) y su vigencia temporal)','qualitative',142),(470,'¿Se dispone de infraestructuras para gestionar la recogida y aprovechamiento del agua? ¿En su recurso patrimonial existen pozos o aljibes de los cuales obtener agua de riego?','qualitative',142),(471,'Consumo de agua en el recurso patrimonial durante el último año','quantitative',142),(472,'Proporción de agua procedente de pozos o aljibes empleada en el riego de la vegetación o patios existentes en el recurso patrimonial','quantitative',142),(473,'Proporción de riegos eficientes (para recursos patrimoniales culturales con grandes espacios ajardinados)','quantitative',142),(474,'¿En su recurso patrimonial cuentan con elementos y mobiliario de bajo mantenimiento y largo rendimiento? ','qualitative',143),(475,'¿En su recurso patrimonial reutilizan elementos en distintas actividades u ocasiones?','qualitative',143),(476,'Proporción de materiales y elementos reutilizados en distintas actividades','quantitative',143),(477,'¿Se disponen de medios y/o mecanismos de evaluación, control y prevención de riesgos para garantizar el cuidado y mantenimiento de las plantas? ','qualitative',144),(478,'Cantidad de productos químicos -fertilizantes y fitosanitarios- empleados','quantitative',144),(479,'¿En su recurso patrimonial existe algún plan o estrategia de eficiencia energética? (En caso afirmativo, indique específicamente cuál, la fase en la que se encuentra (en elaboración o vigente) y su vigencia temporal)','qualitative',145),(480,'¿En su recurso patrimonial existe algún plan o estrategia de adaptación y/o mitigación del cambio climático? (En caso afirmativo, indique específicamente cuál, la fase en la que se encuentra (en elaboración o vigente) y su vigencia temporal)','qualitative',145),(481,'Consumo de electricidad durante un año (facturas)','quantitative',145),(482,'Proporción de energía procedente de autoconsumo','quantitative',145),(483,'N.º de sistemas de acondicionamiento pasivo','quantitative',145),(484,'¿Cuenta con algún plan o estrategia de accesibilidad e inclusión al recurso patrimonial? (En caso afirmativo, indique específicamente cuál, la fase en la que se encuentra (en elaboración o vigente) y su vigencia temporal)','qualitative',146),(485,'¿Existe información para personas en situación de discapacidad? (véanse tipos de discapacidad)','qualitative',146),(486,'¿Existen señales adaptadas a personas en situación de discapacidad? (véanse tipos de discapacidad)','qualitative',146),(487,'¿Existen tasas reducidas para usuarios de distintos colectivos? (riesgo de exclusión social, 3ª edad, estudiantes…)','qualitative',146),(488,'Proporción de superficie accesible a personas con discapacidad','quantitative',146),(489,'Proporción de equipamiento y mobiliario adaptado','quantitative',146),(490,'Grado de satisfacción de visitantes (encuestas)','quantitative',146),(491,'¿Su recurso patrimonial cuenta con algún plan o estrategia relativa a la conservación, protección y/o salvaguarda del patrimonio? (En caso afirmativo, indique específicamente cuál, la fase en la que se encuentra (en elaboración o vigente) y su vigencia temporal) ','qualitative',147),(492,'¿En su recurso patrimonial se llevan a cabo actuaciones de conservación preventiva?','qualitative',147),(493,'¿En su recurso patrimonial se llevan a cabo actuaciones concretas sobre elementos patrimoniales para su conservación?','qualitative',147),(494,'N.º de actividades dedicadas a la conservación, protección y salvaguarda del recurso patrimonial','quantitative',147),(495,'N.º de actuaciones dedicadas a la conservación, protección y salvaguarda del recurso patrimonial','quantitative',147),(496,'¿Cuenta o participa en algún plan o estrategia que fomente el empleo en el recurso patrimonial? En caso afirmativo, indique cuál o cuáles y una breve descripción','qualitative',148),(497,'¿Su recurso patrimonial cuenta con algún plan de conciliación familiar?','qualitative',148),(498,'¿En su recurso patrimonial cuentan con algún plan o estrategia de gestión económica sostenible? (En caso afirmativo, indique específicamente cuál, la fase en la que se encuentra (en elaboración o vigente) y su vigencia temporal)','qualitative',149),(499,'¿Existen mecanismos de seguimiento y control de gastos e ingresos? ','qualitative',149),(500,'Porcentaje anual de ingresos sobre gastos','quantitative',149),(501,'Porcentaje de gasto corriente destinado a cada asunto relevante','quantitative',149),(502,'Porcentaje de gasto anual procedente de financiación externa','quantitative',149),(503,'¿Existe alguna estrategia en su recurso patrimonial que ayude a minimizar el impacto negativo del turismo en el entorno y así hacerlo más sostenible?','qualitative',150),(504,'N.º de estrategias o actuaciones vinculadas a fomentar el turismo sostenible ','quantitative',150),(505,'Capacidad de carga en el recurso patrimonial','quantitative',150),(506,'N.º de visitantes a lo largo del año teniendo en cuenta la temporalidad','quantitative',150),(507,'Grado de satisfacción de la población local respecto al turismo (encuestas)','quantitative',150),(508,'Índice de paridad de género en la estructura organizativa','quantitative',151),(509,'¿Existe algún plan o estrategia que favorezca la igualdad de oportunidades en su recurso patrimonial? (En caso afirmativo, indique específicamente cuál, la fase en la que se encuentra (en elaboración o vigente) y su vigencia temporal)','qualitative',151),(510,'Proporción de personas en riesgo de pobreza y exclusión (ERPE) que regularmente prestan servicio','quantitative',151),(511,'Proporción de personas con una discapacidad igual o superior al 33% que regularmente prestan servicio','quantitative',151),(512,'¿Su recurso patrimonial cuenta con algún plan para obtener inversión y financiación alternativa? (En caso afirmativo, indique específicamente cuál, la fase en la que se encuentra (en elaboración o vigente) y su vigencia temporal)','qualitative',152),(513,'¿Existe financiación pública y/o privada que permita el mantenimiento de su recurso? En caso afirmativo, indique cuál. ','qualitative',152),(514,'Proporción de gasto de inversiones','quantitative',152),(515,'Proporción de gasto corriente en un año','quantitative',152),(516,'Proporción de presupuesto anual procedente de financiación externa','quantitative',152),(517,'¿Dispone de algún plan para la incorporación de nuevas tecnologías al servicio de su recurso patrimonial? (En caso afirmativo, indique específicamente cuál, la fase en la que se encuentra (en elaboración o vigente) y su vigencia temporal y breve descripción)','qualitative',153),(518,'¿Se fomenta el empleo de recursos digitales para su gestión, así como para las personas usuarias?','qualitative',153),(519,'N.º de recursos tecnológicos empleados en la gestión del recurso patrimonial (gestión informática de visitantes, publicación en redes sociales, página web, etc.)','quantitative',153),(520,'Porcentaje de archivo digitalizado','quantitative',153),(521,'Porcentaje de patrimonio digitalizado (vistas 360º, levantamientos, recreaciones virtuales, etc.)','quantitative',153),(522,'¿Su recurso patrimonial cuenta con alguna estrategia que favorezca la vinculación con la comunidad? (En caso afirmativo, indique específicamente cuál, la fase en la que se encuentra (en elaboración o vigente) y su vigencia temporal)','qualitative',154),(523,'¿Su recurso patrimonial cuenta con algún plan que vele por la seguridad y salud de las personas usuarias? (En caso afirmativo, indique específicamente cuál, la fase en la que se encuentra (en elaboración o vigente) y su vigencia temporal)','qualitative',154),(524,'¿En su recurso patrimonial existe un plan para mejora de la experiencia de las personas usuarias?','qualitative',154),(525,'N.º de actividades llevadas a cabo con la comunidad local ','quantitative',154),(526,'Proporción de visitantes locales respecto a las totales','quantitative',154),(527,'¿Su recurso patrimonial cuenta con un código de buenas prácticas o instrumento similar para su gestión? (En caso afirmativo, adjunte el mismo como anexo)','qualitative',155),(528,'¿Cuenta con un plan de información o comunicación sobre el estado y la gestión del recurso patrimonial? (En caso afirmativo, indique específicamente cuál, la fase en la que se encuentra (en elaboración o vigente) y su vigencia temporal)','qualitative',155),(529,'¿Se publican memorias de sostenibilidad o progreso? (En caso afirmativo, indique específicamente cuál, la fase en la que se encuentra (en elaboración o vigente) y su vigencia temporal) ','qualitative',155),(530,'¿Existe transparencia en las tomas de decisiones acerca de la gestión del recurso patrimonial?','qualitative',155),(531,'¿Existe algún plan que fomente la participación ciudadana en la toma de decisiones de su recurso patrimonial? (En caso afirmativo, indique específicamente cuál, la fase en la que se encuentra (en elaboración o vigente) y su vigencia temporal)','qualitative',156),(532,'¿Cuenta con algún plan o estrategia de formación de voluntariado en su recurso patrimonial? (En caso afirmativo, indique específicamente cuál, la fase en la que se encuentra (en elaboración o vigente) y su vigencia temporal)','qualitative',156),(533,'¿Cuenta con algún plan o estrategia de integración de personas mayores en voluntariado o metodologías participativas en su recurso patrimonial? (En caso afirmativo, indique específicamente cuál, la fase en la que se encuentra (en elaboración o vigente) y su vigencia temporal)','qualitative',156),(534,'N.º de procesos y eventos participativos realizados en el último año','quantitative',156),(535,'N.º de actividades o trabajos realizados por petición de los grupos de interés','quantitative',156),(536,'N.º de personas activas en labores de voluntariado','quantitative',156),(537,'¿Cuenta o participa en alianzas o colaboraciones con otras entidades o servicios públicos a fin de mejorar la gestión sostenible de su recurso patrimonial? (En caso afirmativo, indique específicamente cuál, la fase en la que se encuentra (en elaboración o vigente) y su vigencia temporal)','qualitative',157),(538,'¿Cuenta o participa en alianzas o colaboraciones con otras entidades privadas a fin de mejorar la gestión sostenible?','qualitative',157),(539,'N.º de convenios o acciones de colaboración con entidades tanto públicas como privadas','quantitative',157),(540,'N.º de instituciones o entidades con las que colabora el recurso patrimonial','quantitative',157);
/*!40000 ALTER TABLE `diagnosis_indicators` ENABLE KEYS */;
UNLOCK TABLES;

--
-- Table structure for table `diagnosis_indicators_qualitative`
--

DROP TABLE IF EXISTS `diagnosis_indicators_qualitative`;
/*!40101 SET @saved_cs_client     = @@character_set_client */;
/*!50503 SET character_set_client = utf8mb4 */;
CREATE TABLE `diagnosis_indicators_qualitative` (
  `diagnosis_indicator_id` int NOT NULL,
  `response` text NOT NULL,
  PRIMARY KEY (`diagnosis_indicator_id`),
  CONSTRAINT `fk_diagnostic_indicator` FOREIGN KEY (`diagnosis_indicator_id`) REFERENCES `diagnosis_indicators` (`id`) ON DELETE CASCADE ON UPDATE CASCADE
) ENGINE=InnoDB DEFAULT CHARSET=utf8mb4 COLLATE=utf8mb4_0900_ai_ci;
/*!40101 SET character_set_client = @saved_cs_client */;

--
-- Dumping data for table `diagnosis_indicators_qualitative`
--

LOCK TABLES `diagnosis_indicators_qualitative` WRITE;
/*!40000 ALTER TABLE `diagnosis_indicators_qualitative` DISABLE KEYS */;
INSERT INTO `diagnosis_indicators_qualitative` VALUES (2,'Sin respuesta'),(4,'Sin respuesta'),(5,'Sin respuesta'),(6,'Sin respuesta'),(7,'Sin respuesta'),(15,'Sin respuesta'),(16,'Sin respuesta'),(17,'Sin respuesta'),(21,'Sin respuesta'),(22,'Sin respuesta'),(29,'Sin respuesta'),(30,'Sin respuesta'),(32,'Sin respuesta'),(33,'Sin respuesta'),(37,'Sin respuesta'),(39,'Sin respuesta'),(40,'Sin respuesta'),(44,'Sin respuesta'),(45,'Sin respuesta'),(47,'Sin respuesta'),(49,'Sin respuesta'),(50,'Sin respuesta'),(54,'Sin respuesta'),(55,'Sin respuesta'),(56,'Sin respuesta'),(57,'Sin respuesta'),(61,'Sin respuesta'),(62,'Sin respuesta'),(63,'Sin respuesta'),(66,'Sin respuesta'),(67,'Sin respuesta'),(68,'Sin respuesta'),(69,'Sin respuesta'),(73,'Sin respuesta'),(79,'Sin respuesta'),(82,'Sin respuesta'),(83,'Sin respuesta'),(87,'Sin respuesta'),(88,'Sin respuesta'),(92,'Sin respuesta'),(93,'Sin respuesta'),(94,'Sin respuesta'),(97,'Sin respuesta'),(98,'Sin respuesta'),(99,'Sin respuesta'),(100,'Sin respuesta'),(101,'Sin respuesta'),(102,'Sin respuesta'),(103,'Sin respuesta'),(107,'Sin respuesta'),(108,'Sin respuesta'),(325,'Sin respuesta'),(326,'Sin respuesta'),(327,'Sin respuesta'),(328,'Sin respuesta'),(336,'Sin respuesta'),(337,'Sin respuesta'),(338,'Sin respuesta'),(342,'Sin respuesta'),(343,'Sin respuesta'),(350,'Sin respuesta'),(351,'Sin respuesta'),(353,'Sin respuesta'),(354,'Sin respuesta'),(358,'Sin respuesta'),(360,'Sin respuesta'),(361,'Sin respuesta'),(365,'Sin respuesta'),(366,'Sin respuesta'),(368,'Sin respuesta'),(370,'Sin respuesta'),(371,'Sin respuesta'),(375,'Sin respuesta'),(376,'Sin respuesta'),(377,'Sin respuesta'),(378,'Sin respuesta'),(382,'Sin respuesta'),(383,'Sin respuesta'),(384,'Sin respuesta'),(387,'Sin respuesta'),(388,'Sin respuesta'),(389,'Sin respuesta'),(390,'Sin respuesta'),(394,'Sin respuesta'),(400,'Sin respuesta'),(403,'Sin respuesta'),(404,'Sin respuesta'),(408,'Sin respuesta'),(409,'Sin respuesta'),(413,'Sin respuesta'),(414,'Sin respuesta'),(415,'Sin respuesta'),(418,'Sin respuesta'),(419,'Sin respuesta'),(420,'Sin respuesta'),(421,'Sin respuesta'),(422,'Sin respuesta'),(423,'Sin respuesta'),(424,'Sin respuesta'),(428,'Sin respuesta'),(429,'Sin respuesta'),(432,'Sin respuesta'),(433,'Sin respuesta'),(434,'Sin respuesta'),(435,'Sin respuesta'),(436,'Sin respuesta'),(437,'Sin respuesta'),(445,'Sin respuesta'),(446,'Sin respuesta'),(447,'Sin respuesta'),(451,'Sin respuesta'),(452,'Sin respuesta'),(459,'Sin respuesta'),(460,'Sin respuesta'),(462,'Sin respuesta'),(463,'Sin respuesta'),(467,'Sin respuesta'),(469,'Sin respuesta'),(470,'Sin respuesta'),(474,'Sin respuesta'),(475,'Sin respuesta'),(477,'Sin respuesta'),(479,'Sin respuesta'),(480,'Sin respuesta'),(484,'Sin respuesta'),(485,'Sin respuesta'),(486,'Sin respuesta'),(487,'Sin respuesta'),(491,'Sin respuesta'),(492,'Sin respuesta'),(493,'Sin respuesta'),(496,'Sin respuesta'),(497,'Sin respuesta'),(498,'Sin respuesta'),(499,'Sin respuesta'),(503,'Sin respuesta'),(509,'Sin respuesta'),(512,'Sin respuesta'),(513,'Sin respuesta'),(517,'Sin respuesta'),(518,'Sin respuesta'),(522,'Sin respuesta'),(523,'Sin respuesta'),(524,'Sin respuesta'),(527,'Sin respuesta'),(528,'Sin respuesta'),(529,'Sin respuesta'),(530,'Sin respuesta'),(531,'Sin respuesta'),(532,'Sin respuesta'),(533,'Sin respuesta'),(537,'Sin respuesta'),(538,'Sin respuesta');
/*!40000 ALTER TABLE `diagnosis_indicators_qualitative` ENABLE KEYS */;
UNLOCK TABLES;

--
-- Table structure for table `diagnosis_indicators_quantitative`
--

DROP TABLE IF EXISTS `diagnosis_indicators_quantitative`;
/*!40101 SET @saved_cs_client     = @@character_set_client */;
/*!50503 SET character_set_client = utf8mb4 */;
CREATE TABLE `diagnosis_indicators_quantitative` (
  `diagnosis_indicator_id` int NOT NULL,
  `numeric_response` decimal(10,2) NOT NULL DEFAULT '0.00',
  `unit` varchar(100) NOT NULL,
  PRIMARY KEY (`diagnosis_indicator_id`),
  CONSTRAINT `fk_diagnosis_indicator` FOREIGN KEY (`diagnosis_indicator_id`) REFERENCES `diagnosis_indicators` (`id`) ON DELETE CASCADE ON UPDATE CASCADE
) ENGINE=InnoDB DEFAULT CHARSET=utf8mb4 COLLATE=utf8mb4_0900_ai_ci;
/*!40101 SET character_set_client = @saved_cs_client */;

--
-- Dumping data for table `diagnosis_indicators_quantitative`
--

LOCK TABLES `diagnosis_indicators_quantitative` WRITE;
/*!40000 ALTER TABLE `diagnosis_indicators_quantitative` DISABLE KEYS */;
INSERT INTO `diagnosis_indicators_quantitative` VALUES (8,0.00,'Unidad'),(9,0.00,'Unidad'),(10,0.00,'Unidad'),(11,0.00,'Unidad'),(12,0.00,'Unidad'),(13,0.00,'Unidad'),(14,0.00,'Unidad'),(18,0.00,'Unidad'),(19,0.00,'Unidad'),(20,0.00,'Unidad'),(23,0.00,'Unidad'),(24,0.00,'Unidad'),(25,0.00,'Unidad'),(26,0.00,'Unidad'),(27,0.00,'Unidad'),(28,0.00,'Unidad'),(31,0.00,'Unidad'),(34,0.00,'Unidad'),(35,0.00,'Unidad'),(36,0.00,'Unidad'),(38,0.00,'Unidad'),(41,0.00,'Unidad'),(42,0.00,'Unidad'),(43,0.00,'Unidad'),(46,0.00,'Unidad'),(48,0.00,'Unidad'),(51,0.00,'Unidad'),(52,0.00,'Unidad'),(53,0.00,'Unidad'),(58,0.00,'Unidad'),(59,0.00,'Unidad'),(60,0.00,'Unidad'),(64,0.00,'Unidad'),(65,0.00,'Unidad'),(70,0.00,'Unidad'),(71,0.00,'Unidad'),(72,0.00,'Unidad'),(74,0.00,'Unidad'),(75,0.00,'Unidad'),(76,0.00,'Unidad'),(77,0.00,'Unidad'),(78,0.00,'Unidad'),(80,0.00,'Unidad'),(81,0.00,'Unidad'),(84,0.00,'Unidad'),(85,0.00,'Unidad'),(86,0.00,'Unidad'),(89,0.00,'Unidad'),(90,0.00,'Unidad'),(91,0.00,'Unidad'),(95,0.00,'Unidad'),(96,0.00,'Unidad'),(104,0.00,'Unidad'),(105,0.00,'Unidad'),(106,0.00,'Unidad'),(109,0.00,'Unidad'),(110,0.00,'Unidad'),(329,0.00,'Unidad'),(330,0.00,'Unidad'),(331,0.00,'Unidad'),(332,0.00,'Unidad'),(333,0.00,'Unidad'),(334,0.00,'Unidad'),(335,0.00,'Unidad'),(339,0.00,'Unidad'),(340,0.00,'Unidad'),(341,0.00,'Unidad'),(344,0.00,'Unidad'),(345,0.00,'Unidad'),(346,0.00,'Unidad'),(347,0.00,'Unidad'),(348,0.00,'Unidad'),(349,0.00,'Unidad'),(352,0.00,'Unidad'),(355,0.00,'Unidad'),(356,0.00,'Unidad'),(357,0.00,'Unidad'),(359,0.00,'Unidad'),(362,0.00,'Unidad'),(363,0.00,'Unidad'),(364,0.00,'Unidad'),(367,0.00,'Unidad'),(369,0.00,'Unidad'),(372,0.00,'Unidad'),(373,0.00,'Unidad'),(374,0.00,'Unidad'),(379,0.00,'Unidad'),(380,0.00,'Unidad'),(381,0.00,'Unidad'),(385,0.00,'Unidad'),(386,0.00,'Unidad'),(391,0.00,'Unidad'),(392,0.00,'Unidad'),(393,0.00,'Unidad'),(395,0.00,'Unidad'),(396,0.00,'Unidad'),(397,0.00,'Unidad'),(398,0.00,'Unidad'),(399,0.00,'Unidad'),(401,0.00,'Unidad'),(402,0.00,'Unidad'),(405,0.00,'Unidad'),(406,0.00,'Unidad'),(407,0.00,'Unidad'),(410,0.00,'Unidad'),(411,0.00,'Unidad'),(412,0.00,'Unidad'),(416,0.00,'Unidad'),(417,0.00,'Unidad'),(425,0.00,'Unidad'),(426,0.00,'Unidad'),(427,0.00,'Unidad'),(430,0.00,'Unidad'),(431,0.00,'Unidad'),(438,0.00,'Unidad'),(439,0.00,'Unidad'),(440,0.00,'Unidad'),(441,0.00,'Unidad'),(442,0.00,'Unidad'),(443,0.00,'Unidad'),(444,0.00,'Unidad'),(448,0.00,'Unidad'),(449,0.00,'Unidad'),(450,0.00,'Unidad'),(453,0.00,'Unidad'),(454,0.00,'Unidad'),(455,0.00,'Unidad'),(456,0.00,'Unidad'),(457,0.00,'Unidad'),(458,0.00,'Unidad'),(461,0.00,'Unidad'),(464,0.00,'Unidad'),(465,0.00,'Unidad'),(466,0.00,'Unidad'),(468,0.00,'Unidad'),(471,0.00,'Unidad'),(472,0.00,'Unidad'),(473,0.00,'Unidad'),(476,0.00,'Unidad'),(478,0.00,'Unidad'),(481,0.00,'Unidad'),(482,0.00,'Unidad'),(483,0.00,'Unidad'),(488,0.00,'Unidad'),(489,0.00,'Unidad'),(490,0.00,'Unidad'),(494,0.00,'Unidad'),(495,0.00,'Unidad'),(500,0.00,'Unidad'),(501,0.00,'Unidad'),(502,0.00,'Unidad'),(504,0.00,'Unidad'),(505,0.00,'Unidad'),(506,0.00,'Unidad'),(507,0.00,'Unidad'),(508,0.00,'Unidad'),(510,0.00,'Unidad'),(511,0.00,'Unidad'),(514,0.00,'Unidad'),(515,0.00,'Unidad'),(516,0.00,'Unidad'),(519,0.00,'Unidad'),(520,0.00,'Unidad'),(521,0.00,'Unidad'),(525,0.00,'Unidad'),(526,0.00,'Unidad'),(534,0.00,'Unidad'),(535,0.00,'Unidad'),(536,0.00,'Unidad'),(539,0.00,'Unidad'),(540,0.00,'Unidad');
/*!40000 ALTER TABLE `diagnosis_indicators_quantitative` ENABLE KEYS */;
UNLOCK TABLES;

--
-- Table structure for table `dimensions`
--

DROP TABLE IF EXISTS `dimensions`;
/*!40101 SET @saved_cs_client     = @@character_set_client */;
/*!50503 SET character_set_client = utf8mb4 */;
CREATE TABLE `dimensions` (
  `id` int NOT NULL AUTO_INCREMENT,
  `name` varchar(100) NOT NULL,
  `description` text,
  PRIMARY KEY (`id`),
  UNIQUE KEY `name` (`name`)
) ENGINE=InnoDB AUTO_INCREMENT=8 DEFAULT CHARSET=utf8mb4 COLLATE=utf8mb4_0900_ai_ci;
/*!40101 SET character_set_client = @saved_cs_client */;

--
-- Dumping data for table `dimensions`
--

LOCK TABLES `dimensions` WRITE;
/*!40000 ALTER TABLE `dimensions` DISABLE KEYS */;
INSERT INTO `dimensions` VALUES (3,'Personas','Poner fin a la pobreza y el hambre en todas sus formas y asegurar la dignidad e igualdad de todas las personas.'),(4,'Planeta','La Agenda 2030 pretende proteger los recursos naturales del planeta y combatir el cambio climático para asegurar un ambiente digno para las futuras generaciones'),(5,'Prosperidad','Asegurar que todos puedan disfrutar de una vida próspera y plena en armonía con la naturaleza. Aquí quedarían englobados.'),(6,'Paz','Fomentar sociedades pacíficas, justas e inclusivas es esencial para la Agenda 2030'),(7,'Alianzas','Implementar la Agenda 2030 a través de alianzas globales sólidas.');
/*!40000 ALTER TABLE `dimensions` ENABLE KEYS */;
UNLOCK TABLES;

--
-- Table structure for table `goals`
--

DROP TABLE IF EXISTS `goals`;
/*!40101 SET @saved_cs_client     = @@character_set_client */;
/*!50503 SET character_set_client = utf8mb4 */;
CREATE TABLE `goals` (
  `ods_id` int NOT NULL,
  `goal_number` varchar(2) NOT NULL,
  `description` text NOT NULL,
  PRIMARY KEY (`ods_id`,`goal_number`),
  CONSTRAINT `goals_ibfk_1` FOREIGN KEY (`ods_id`) REFERENCES `ods` (`id`) ON DELETE CASCADE ON UPDATE CASCADE
) ENGINE=InnoDB DEFAULT CHARSET=utf8mb4 COLLATE=utf8mb4_0900_ai_ci;
/*!40101 SET character_set_client = @saved_cs_client */;

--
-- Dumping data for table `goals`
--

LOCK TABLES `goals` WRITE;
/*!40000 ALTER TABLE `goals` DISABLE KEYS */;
INSERT INTO `goals` VALUES (1,'1','Para 2030, erradicar la pobreza extrema para todas las personas en el mundo...'),(1,'2','Para 2030, reducir al menos a la mitad la proporción de hombres, mujeres y niños y niñas...'),(1,'3','Poner en práctica a nivel nacional sistemas y medidas apropiadas de protección social...'),(1,'4','Para 2030, garantizar que todos los hombres y mujeres, en particular los pobres...'),(1,'5','Para 2030, fomentar la resiliencia de los pobres y las personas en situaciones vulnerables...'),(1,'a','Garantizar una movilización importante de recursos procedentes de diversas fuentes...'),(1,'b','Crear marcos normativos sólidos en el ámbito nacional, regional e internacional...'),(2,'1','Para 2030, poner fin al hambre y asegurar el acceso de todas las personas...'),(2,'2','Para 2030, poner fin a todas las formas de malnutrición...'),(2,'3','Para 2030, duplicar la productividad agrícola y los ingresos de los productores de alimentos...'),(2,'4','Para 2030, asegurar la sostenibilidad de los sistemas de producción de alimentos...'),(2,'5','Para 2020, mantener la diversidad genética de las semillas, las plantas cultivadas...'),(2,'a','Aumentar las inversiones, incluso mediante una mayor cooperación internacional...'),(2,'b','Corregir y prevenir las restricciones y distorsiones comerciales...'),(2,'c','Adoptar medidas para asegurar el buen funcionamiento de los mercados de productos...'),(3,'1','Para 2030, reducir la tasa mundial de mortalidad materna a menos de 70 por cada 100.000 nacidos vivos'),(3,'2','Para 2030, poner fin a las muertes evitables de recién nacidos y de niños menores de 5 años...'),(3,'3','Para 2030, poner fin a las epidemias del SIDA, la tuberculosis, la malaria...'),(3,'4','Para 2030, reducir en un tercio la mortalidad prematura por enfermedades no transmisibles...'),(3,'5','Fortalecer la prevención y el tratamiento del abuso de sustancias adictivas...'),(3,'6','Para 2020, reducir a la mitad el número de muertes y lesiones causadas por accidentes de tráfico...'),(3,'7','Para 2030, garantizar el acceso universal a los servicios de salud sexual y reproductiva...'),(3,'8','Lograr la cobertura sanitaria universal, en particular la protección contra los riesgos financieros...'),(3,'9','Para 2030, reducir sustancialmente el número de muertes y enfermedades producidas por productos químicos...'),(3,'a','Fortalecer la aplicación del Convenio Marco de la OMS para el Control del Tabaco...'),(3,'b','Apoyar las actividades de investigación y desarrollo de vacunas y medicamentos...'),(3,'c','Aumentar sustancialmente la financiación de la salud y la contratación del personal sanitario...'),(3,'d','Reforzar la capacidad de todos los países en materia de alerta temprana y gestión de riesgos para la salud'),(4,'1','De aquí a 2030, asegurar que todas las niñas y todos los niños terminen la enseñanza primaria y secundaria...'),(4,'2','De aquí a 2030, asegurar que todas las niñas y todos los niños tengan acceso a servicios de atención en la primera infancia...'),(4,'3','De aquí a 2030, asegurar el acceso igualitario de todos los hombres y las mujeres a una formación técnica y superior...'),(4,'4','De aquí a 2030, aumentar considerablemente el número de jóvenes y adultos que tienen competencias necesarias...'),(4,'5','De aquí a 2030, eliminar las disparidades de género en la educación y asegurar el acceso igualitario...'),(4,'6','De aquí a 2030, asegurar que todos los jóvenes y una proporción considerable de los adultos estén alfabetizados...'),(4,'7','De aquí a 2030, asegurar que todos los alumnos adquieran los conocimientos necesarios para promover el desarrollo sostenible...'),(4,'a','Construir y adecuar instalaciones educativas que tengan en cuenta las necesidades de los niños y personas con discapacidad...'),(4,'b','De aquí a 2020, aumentar considerablemente a nivel mundial el número de becas disponibles para países en desarrollo...'),(4,'c','De aquí a 2030, aumentar considerablemente la oferta de docentes calificados...'),(5,'1','Poner fin a todas las formas de discriminación contra todas las mujeres y las niñas en todo el mundo'),(5,'2','Eliminar todas las formas de violencia contra todas las mujeres y las niñas en los ámbitos público y privado...'),(5,'3','Eliminar todas las prácticas nocivas, como el matrimonio infantil, precoz y forzado y la mutilación genital femenina'),(5,'4','Reconocer y valorar los cuidados y el trabajo doméstico no remunerados mediante servicios públicos...'),(5,'5','Asegurar la participación plena y efectiva de las mujeres y la igualdad de oportunidades de liderazgo...'),(5,'6','Asegurar el acceso universal a la salud sexual y reproductiva y los derechos reproductivos...'),(5,'a','Emprender reformas que otorguen a las mujeres igualdad de derechos a los recursos económicos...'),(5,'b','Mejorar el uso de la tecnología instrumental, en particular la tecnología de la información...'),(5,'c','Aprobar y fortalecer políticas acertadas y leyes aplicables para promover la igualdad de género...'),(6,'1','De aquí a 2030, lograr el acceso universal y equitativo al agua potable a un precio asequible para todos'),(6,'2','De aquí a 2030, lograr el acceso a servicios de saneamiento e higiene adecuados y equitativos para todos...'),(6,'3','De aquí a 2030, mejorar la calidad del agua reduciendo la contaminación...'),(6,'4','De aquí a 2030, aumentar considerablemente el uso eficiente de los recursos hídricos...'),(6,'5','De aquí a 2030, implementar la gestión integrada de los recursos hídricos a todos los niveles...'),(6,'6','De aquí a 2020, proteger y restablecer los ecosistemas relacionados con el agua...'),(6,'a','De aquí a 2030, ampliar la cooperación internacional y el apoyo prestado a los países en desarrollo...'),(6,'b','Apoyar y fortalecer la participación de las comunidades locales en la mejora de la gestión del agua...'),(7,'1','De aquí a 2030, garantizar el acceso universal a servicios energéticos asequibles, fiables y modernos'),(7,'2','De aquí a 2030, aumentar considerablemente la proporción de energía renovable en el conjunto de fuentes energéticas'),(7,'3','De aquí a 2030, duplicar la tasa mundial de mejora de la eficiencia energética'),(7,'a','De aquí a 2030, aumentar la cooperación internacional para facilitar el acceso a la investigación y la tecnología relativas a la energía limpia...'),(7,'b','De aquí a 2030, ampliar la infraestructura y mejorar la tecnología para prestar servicios energéticos modernos y sostenibles...'),(8,'1','Mantener el crecimiento económico per capita de conformidad con las circunstancias nacionales...'),(8,'10','Fortalecer la capacidad de las instituciones financieras nacionales para fomentar y ampliar el acceso a los servicios bancarios...'),(8,'2','Lograr niveles más elevados de productividad económica mediante la diversificación, la modernización tecnológica y la innovación...'),(8,'3','Promover políticas orientadas al desarrollo que apoyen las actividades productivas...'),(8,'4','Mejorar progresivamente, de aquí a 2030, la producción y el consumo eficientes de los recursos mundiales...'),(8,'5','De aquí a 2030, lograr el empleo pleno y productivo y el trabajo decente para todas las mujeres y los hombres...'),(8,'6','De aquí a 2020, reducir considerablemente la proporción de jóvenes que no están empleados y no cursan estudios...'),(8,'7','Adoptar medidas inmediatas y eficaces para erradicar el trabajo forzoso...'),(8,'8','Proteger los derechos laborales y promover un entorno de trabajo seguro y sin riesgos...'),(8,'9','De aquí a 2030, elaborar y poner en práctica políticas encaminadas a promover un turismo sostenible...'),(8,'a','Aumentar el apoyo a la iniciativa de ayuda para el comercio en los países en desarrollo...'),(8,'b','De aquí a 2020, desarrollar y poner en marcha una estrategia mundial para el empleo de los jóvenes...'),(9,'1','Desarrollar infraestructuras fiables, sostenibles, resilientes y de calidad...'),(9,'2','Promover una industrialización inclusiva y sostenible y, de aquí a 2030, aumentar significativamente la contribución de la industria...'),(9,'3','Aumentar el acceso de las pequeñas industrias y otras empresas a los servicios financieros...'),(9,'4','De aquí a 2030, modernizar la infraestructura y reconvertir las industrias para que sean sostenibles...'),(9,'5','Aumentar la investigación científica y mejorar la capacidad tecnológica de los sectores industriales...'),(9,'a','Facilitar el desarrollo de infraestructuras sostenibles y resilientes en los países en desarrollo...'),(9,'b','Apoyar el desarrollo de tecnologías, la investigación y la innovación nacionales en los países en desarrollo...'),(9,'c','Aumentar significativamente el acceso a la tecnología de la información y las comunicaciones...'),(10,'1','De aquí a 2030, lograr progresivamente y mantener el crecimiento de los ingresos del 40% más pobre...'),(10,'2','De aquí a 2030, potenciar y promover la inclusión social, económica y política de todas las personas...'),(10,'3','Garantizar la igualdad de oportunidades y reducir la desigualdad de resultados...'),(10,'4','Adoptar políticas, especialmente fiscales, salariales y de protección social...'),(10,'5','Mejorar la reglamentación y vigilancia de las instituciones y los mercados financieros mundiales...'),(10,'6','Asegurar una mayor representación e intervención de los países en desarrollo...'),(10,'7','Facilitar la migración y la movilidad ordenadas, seguras, regulares y responsables de las personas...'),(10,'a','Aplicar el principio del trato especial y diferenciado para los países en desarrollo...'),(10,'b','Fomentar la asistencia oficial para el desarrollo y las corrientes financieras...'),(10,'c','De aquí a 2030, reducir a menos del 3% los costos de transacción de las remesas de los migrantes...'),(11,'1','De aquí a 2030, asegurar el acceso de todas las personas a viviendas y servicios básicos adecuados...'),(11,'2','De aquí a 2030, proporcionar acceso a sistemas de transporte seguros, asequibles, accesibles y sostenibles...'),(11,'3','De aquí a 2030, aumentar la urbanización inclusiva y sostenible...'),(11,'4','Redoblar los esfuerzos para proteger y salvaguardar el patrimonio cultural y natural del mundo'),(11,'5','De aquí a 2030, reducir significativamente el número de muertes causadas por los desastres...'),(11,'6','De aquí a 2030, reducir el impacto ambiental negativo per capita de las ciudades...'),(11,'7','De aquí a 2030, proporcionar acceso universal a zonas verdes y espacios públicos seguros...'),(11,'a','Apoyar los vínculos económicos, sociales y ambientales positivos entre las zonas urbanas y rurales...'),(11,'b','De aquí a 2020, aumentar considerablemente el número de ciudades y asentamientos humanos que adoptan políticas de resiliencia...'),(11,'c','Proporcionar apoyo a los países menos adelantados para construir edificios sostenibles y resilientes...'),(12,'1','Aplicar el Marco Decenal de Programas sobre Modalidades de Consumo y Producción Sostenibles...'),(12,'2','De aquí a 2030, lograr la gestión sostenible y el uso eficiente de los recursos naturales'),(12,'3','De aquí a 2030, reducir a la mitad el desperdicio de alimentos per capita mundial...'),(12,'4','De aquí a 2020, lograr la gestión ecológicamente racional de los productos químicos...'),(12,'5','De aquí a 2030, reducir considerablemente la generación de desechos...'),(12,'6','Alentar a las empresas a adoptar prácticas sostenibles e información sobre sostenibilidad'),(12,'7','Promover prácticas de adquisición pública que sean sostenibles'),(12,'8','De aquí a 2030, asegurar que todas las personas tengan conocimientos sobre desarrollo sostenible'),(12,'a','Ayudar a los países en desarrollo a fortalecer su capacidad científica y tecnológica...'),(12,'b','Elaborar instrumentos para vigilar los efectos en el desarrollo sostenible del turismo'),(12,'c','Racionalizar los subsidios ineficientes a los combustibles fósiles...'),(13,'1','Fortalecer la resiliencia y la capacidad de adaptación a los riesgos relacionados con el clima...'),(13,'2','Incorporar medidas relativas al cambio climático en las políticas, estrategias y planes nacionales'),(13,'3','Mejorar la educación, la sensibilización y la capacidad institucional respecto del cambio climático'),(13,'a','Cumplir el compromiso de los países desarrollados de movilizar 100.000 millones de dólares anuales...'),(13,'b','Promover mecanismos de planificación y gestión eficaces en relación con el cambio climático...'),(14,'1','De aquí a 2025, prevenir y reducir significativamente la contaminación marina de todo tipo...'),(14,'2','De aquí a 2020, gestionar y proteger sosteniblemente los ecosistemas marinos y costeros...'),(14,'3','Minimizar y abordar los efectos de la acidificación de los océanos...'),(14,'4','De aquí a 2020, reglamentar eficazmente la explotación pesquera...'),(14,'5','De aquí a 2020, conservar al menos el 10% de las zonas costeras y marinas...'),(14,'6','De aquí a 2020, prohibir ciertas formas de subvenciones a la pesca...'),(14,'7','De aquí a 2030, aumentar los beneficios económicos de los recursos marinos...'),(14,'a','Aumentar los conocimientos científicos, desarrollar la capacidad de investigación y transferir tecnología marina...'),(14,'b','Facilitar el acceso de los pescadores artesanales a los recursos marinos y los mercados'),(14,'c','Mejorar la conservación y el uso sostenible de los océanos aplicando el derecho internacional...'),(15,'1','Para 2020, velar por la conservación y el uso sostenible de los ecosistemas terrestres y de agua dulce...'),(15,'2','Para 2020, promover la gestión sostenible de todos los tipos de bosques...'),(15,'3','Para 2030, luchar contra la desertificación y rehabilitar las tierras degradadas...'),(15,'4','Para 2030, velar por la conservación de los ecosistemas montañosos...'),(15,'5','Adoptar medidas urgentes para reducir la degradación de los hábitats naturales...'),(15,'6','Promover la participación justa y equitativa en los beneficios de los recursos genéticos...'),(15,'7','Adoptar medidas urgentes para poner fin a la caza furtiva y el tráfico de especies protegidas...'),(15,'8','Para 2020, prevenir la introducción de especies exóticas invasoras...'),(15,'9','Para 2020, integrar los valores de los ecosistemas y la biodiversidad en la planificación nacional...'),(15,'a','Movilizar recursos financieros para conservar y utilizar la biodiversidad de forma sostenible'),(15,'b','Movilizar recursos a todos los niveles para financiar la gestión forestal sostenible'),(15,'c','Aumentar el apoyo mundial a la lucha contra la caza furtiva y el tráfico de especies protegidas'),(16,'1','Reducir significativamente todas las formas de violencia y las tasas de mortalidad...'),(16,'10','Garantizar el acceso público a la información y proteger las libertades fundamentales'),(16,'2','Poner fin al maltrato, la explotación, la trata y todas las formas de violencia contra los niños'),(16,'3','Promover el estado de derecho y garantizar el acceso a la justicia para todos'),(16,'4','De aquí a 2030, reducir significativamente las corrientes financieras y de armas ilícitas...'),(16,'5','Reducir considerablemente la corrupción y el soborno en todas sus formas'),(16,'6','Crear instituciones eficaces, responsables y transparentes a todos los niveles'),(16,'7','Garantizar decisiones inclusivas, participativas y representativas en todos los niveles'),(16,'8','Ampliar la participación de los países en desarrollo en las instituciones de gobernanza mundial'),(16,'9','De aquí a 2030, proporcionar acceso a una identidad jurídica para todos'),(16,'a','Fortalecer las instituciones nacionales para prevenir la violencia y combatir la delincuencia'),(16,'b','Promover y aplicar leyes y políticas no discriminatorias en favor del desarrollo sostenible'),(17,'1','Fortalecer la movilización de recursos internos para mejorar la capacidad de recaudación fiscal'),(17,'10','Promover un sistema de comercio multilateral universal y equitativo'),(17,'11','Aumentar significativamente las exportaciones de los países en desarrollo'),(17,'12','Lograr el acceso libre de derechos y contingentes para todos los países menos adelantados'),(17,'13','Aumentar la estabilidad macroeconómica mundial'),(17,'14','Mejorar la coherencia de las políticas para el desarrollo sostenible'),(17,'15','Respetar el liderazgo de cada país en sus políticas de desarrollo sostenible'),(17,'16','Mejorar la Alianza Mundial mediante alianzas entre múltiples interesados'),(17,'17','Promover alianzas eficaces entre los sectores público, privado y la sociedad civil'),(17,'18','Mejorar la disponibilidad de datos desglosados en los países en desarrollo'),(17,'19','Desarrollar indicadores de desarrollo sostenible complementarios al PIB'),(17,'2','Velar por que los países desarrollados cumplan plenamente sus compromisos de asistencia oficial...'),(17,'3','Movilizar recursos financieros adicionales de múltiples fuentes para los países en desarrollo'),(17,'4','Ayudar a los países en desarrollo a lograr la sostenibilidad de la deuda a largo plazo'),(17,'5','Adoptar sistemas de promoción de inversiones en favor de los países menos adelantados'),(17,'6','Mejorar la cooperación regional e internacional en ciencia, tecnología e innovación'),(17,'7','Promover el desarrollo de tecnologías ecológicas y su transferencia a los países en desarrollo'),(17,'8','Poner en funcionamiento el banco de tecnología para los países menos adelantados'),(17,'9','Aumentar el apoyo internacional para actividades de creación de capacidad en países en desarrollo');
/*!40000 ALTER TABLE `goals` ENABLE KEYS */;
UNLOCK TABLES;

--
-- Table structure for table `heritage_resource_social_networks`
--

DROP TABLE IF EXISTS `heritage_resource_social_networks`;
/*!40101 SET @saved_cs_client     = @@character_set_client */;
/*!50503 SET character_set_client = utf8mb4 */;
CREATE TABLE `heritage_resource_social_networks` (
  `id` int NOT NULL AUTO_INCREMENT,
  `resource_id` int DEFAULT NULL,
  `social_network` varchar(255) NOT NULL,
  `url` varchar(255) NOT NULL,
  PRIMARY KEY (`id`),
  KEY `resource_id` (`resource_id`),
  KEY `ix_heritage_resource_social_networks_id` (`id`),
  CONSTRAINT `heritage_resource_social_networks_ibfk_1` FOREIGN KEY (`resource_id`) REFERENCES `heritage_resources` (`id`)
) ENGINE=InnoDB AUTO_INCREMENT=17 DEFAULT CHARSET=utf8mb4 COLLATE=utf8mb4_0900_ai_ci;
/*!40101 SET character_set_client = @saved_cs_client */;

--
-- Dumping data for table `heritage_resource_social_networks`
--

LOCK TABLES `heritage_resource_social_networks` WRITE;
/*!40000 ALTER TABLE `heritage_resource_social_networks` DISABLE KEYS */;
INSERT INTO `heritage_resource_social_networks` VALUES (12,15,'Facebook','https://www.facebook.com/MezquitaCatedraldeCordobaOficial/'),(16,16,'Facebook','https://www.facebook.com/palaciodevianacordoba/');
/*!40000 ALTER TABLE `heritage_resource_social_networks` ENABLE KEYS */;
UNLOCK TABLES;

--
-- Table structure for table `heritage_resource_typologies`
--

DROP TABLE IF EXISTS `heritage_resource_typologies`;
/*!40101 SET @saved_cs_client     = @@character_set_client */;
/*!50503 SET character_set_client = utf8mb4 */;
CREATE TABLE `heritage_resource_typologies` (
  `id` int NOT NULL AUTO_INCREMENT,
  `resource_id` int DEFAULT NULL,
  `typology` varchar(255) NOT NULL,
  PRIMARY KEY (`id`),
  KEY `resource_id` (`resource_id`),
  KEY `ix_heritage_resource_typologies_id` (`id`),
  CONSTRAINT `heritage_resource_typologies_ibfk_1` FOREIGN KEY (`resource_id`) REFERENCES `heritage_resources` (`id`)
) ENGINE=InnoDB AUTO_INCREMENT=44 DEFAULT CHARSET=utf8mb4 COLLATE=utf8mb4_0900_ai_ci;
/*!40101 SET character_set_client = @saved_cs_client */;

--
-- Dumping data for table `heritage_resource_typologies`
--

LOCK TABLES `heritage_resource_typologies` WRITE;
/*!40000 ALTER TABLE `heritage_resource_typologies` DISABLE KEYS */;
INSERT INTO `heritage_resource_typologies` VALUES (25,15,'Cultural'),(26,15,'Casa-patio'),(29,17,'Verde urbano'),(30,17,'Cultural'),(40,16,'Cultural'),(41,16,'Casa-patio'),(43,18,'Patrimonio Cultural');
/*!40000 ALTER TABLE `heritage_resource_typologies` ENABLE KEYS */;
UNLOCK TABLES;

--
-- Table structure for table `heritage_resources`
--

DROP TABLE IF EXISTS `heritage_resources`;
/*!40101 SET @saved_cs_client     = @@character_set_client */;
/*!50503 SET character_set_client = utf8mb4 */;
CREATE TABLE `heritage_resources` (
  `id` int NOT NULL AUTO_INCREMENT,
  `name` varchar(255) NOT NULL,
  `ownership` varchar(255) DEFAULT NULL,
  `management_model` varchar(255) DEFAULT NULL,
  `postal_address` varchar(255) DEFAULT NULL,
  `web_address` varchar(255) DEFAULT NULL,
  `phone_number` varchar(255) DEFAULT NULL,
  PRIMARY KEY (`id`),
  KEY `ix_heritage_resources_id` (`id`)
) ENGINE=InnoDB AUTO_INCREMENT=22 DEFAULT CHARSET=utf8mb4 COLLATE=utf8mb4_0900_ai_ci;
/*!40101 SET character_set_client = @saved_cs_client */;

--
-- Dumping data for table `heritage_resources`
--

LOCK TABLES `heritage_resources` WRITE;
/*!40000 ALTER TABLE `heritage_resources` DISABLE KEYS */;
INSERT INTO `heritage_resources` VALUES (15,'Mezquita-Catedral de Córdoba','Cabildo Catedral de Córdoba','Modelo Híbrido','Calle Cardenal Herrero, 1, 14003 Córdoba, España','https://mezquita-catedraldecordoba.es/','957 47 06 54'),(16,'Palacio de Viana','Fundación Cajasur','Gestión Híbrida','Pl. de Don Gome, 2, Centro, 14001 Córdoba, España','www.palaciodeviana.com','957 49 67 42'),(17,'Ciudad Califal de Medina Azahara','Junta de Andalucía','Gestión Pública','Carretera de Palma del Río, km 5.5, 14004 Córdoba, España','https://www.mezquita-catedraldecordoba.es/yacimiento-arqueologico-de-madinat-al-zahra/','957 32 91 30'),(18,'Plantilla PATRIMONIO CULTURAL','','','','','');
/*!40000 ALTER TABLE `heritage_resources` ENABLE KEYS */;
UNLOCK TABLES;

--
-- Table structure for table `material_topics`
--

DROP TABLE IF EXISTS `material_topics`;
/*!40101 SET @saved_cs_client     = @@character_set_client */;
/*!50503 SET character_set_client = utf8mb4 */;
CREATE TABLE `material_topics` (
  `id` int NOT NULL AUTO_INCREMENT,
  `name` varchar(255) NOT NULL,
  `description` text,
  `priority` enum('high','medium','low') DEFAULT NULL,
  `main_objective` text,
  `goal_ods_id` int DEFAULT NULL,
  `goal_number` varchar(2) DEFAULT NULL,
  `report_id` int NOT NULL,
  PRIMARY KEY (`id`),
  KEY `report_id` (`report_id`),
  KEY `material_topics_ibfk_1` (`goal_ods_id`,`goal_number`),
  CONSTRAINT `material_topics_ibfk_1` FOREIGN KEY (`goal_ods_id`, `goal_number`) REFERENCES `goals` (`ods_id`, `goal_number`) ON DELETE CASCADE ON UPDATE CASCADE,
  CONSTRAINT `material_topics_ibfk_2` FOREIGN KEY (`report_id`) REFERENCES `sustainability_reports` (`id`) ON DELETE CASCADE ON UPDATE CASCADE
) ENGINE=InnoDB AUTO_INCREMENT=180 DEFAULT CHARSET=utf8mb4 COLLATE=utf8mb4_0900_ai_ci;
/*!40101 SET character_set_client = @saved_cs_client */;

--
-- Dumping data for table `material_topics`
--

LOCK TABLES `material_topics` WRITE;
/*!40000 ALTER TABLE `material_topics` DISABLE KEYS */;
INSERT INTO `material_topics` VALUES (1,'Difusión y sensibilización','Comprende las diferentes acciones que se han de realizar por parte del recurso patrimonial para dar a conocer y transmitir el propio recurso y su legado, tantomaterial como inmaterial, fomentando su comunicación y difusión en todos sus ámbitos de interés de la sociedad.','high','<p>Objetivo principal 1',4,'7',5),(2,'Formación','Comprende las diferentes acciones que se han de realizar por parte del recurso patrimonial para fomentar el aprendizaje y capacidades de las personas usuarias, agentes gestores y comunidad del recurso en materia vinculada al mismo. Engloba las actividades de formación ofrecidas por el propio recurso hacia las personas usuarias externas o la formación interna recibida por el propio organismo para avanzar en su gestión.','low','<p>Objetivo principal 2</p>',4,'7',5),(3,'Salud pública','Comprende las diferentes acciones que se han de realizar por parte del recurso patrimonial para controlar, evaluar, mejorar y garantizar un ambiente de confort y bienestar en el mismo, enfocado a las personas usuarias y trabajadoras. Además, pretende evaluar e implementar estrategias que contribuyan a dicho confort.','high',NULL,3,'4',5),(4,'Contratación de servicios','Comprende las diferentes acciones que se han de realizar por parte del recurso patrimonial para evaluar, controlar y gestionar los servicios contratados dentro del mismo. Esto engloba el análisis de estas contrataciones, valorando la procedencia de sus productos si los tuviera, si tienen criterios de sostenibilidad o no, las condiciones de su personal, etc.','high',NULL,12,'6',5),(5,'Economía circular y gestión de residuos','Comprende las diferentes acciones que se han de realizar por parte del recurso patrimonial para garantizar una correcta gestión de los residuos generados y fomentar un aprovechamiento de los mismos donde prime la reducción de elementos, promoviendo la utilización de materiales biodegradables que al agotar su vida útil no supongan un daño para el medioambiente.','high',NULL,12,'2',5),(6,'Gestión sostenible del recurso hídrico','Comprende las diferentes acciones que se han de realizar por parte del recurso patrimonial para administrar de manera sostenible el uso del agua en las instalaciones. Incluye plantear sistemas de almacenamiento y aprovechamiento de aguas recuperadas para su utilización en las necesidades del recurso.','high',NULL,6,'4',5),(7,'Gestión sostenible de equipamientos y mobiliario','Comprende las diferentes acciones que se han de realizar por parte del recurso patrimonial para garantizar que sus instalaciones y mobiliario sean fabricados, en la medida de lo posible, con materiales naturales, reciclados y sin tratamientos químicos, de manera que no supongan un daño para el medioambiente, para las propias personas usuarias o encargadas de su fabricación.','high',NULL,12,'2',5),(8,'Transición energética y cambio climático','Comprende las diferentes acciones que se han de realizar por parte del recurso patrimonial para implementar y desarrollar mecanismos de aprovechamiento de la energía y fomentar actuaciones para reducir el cambio climático y mermar sus efectos sobre el recurso.','high',NULL,13,'2',5),(9,'Accesibilidad e inclusión','Comprende las diferentes acciones que se han de realizar por parte del recurso patrimonial para facilitar información y ofrecer instalaciones accesibles e inclusivas del propio recurso para todas las personas, independientemente de sus condiciones socio-económicas, discapacidad u otra condición, de modo que cualquier persona pueda participar, utilizar y acceder al propio recurso de forma autónoma','high',NULL,10,'2',5),(10,'Conservación, protección y salvaguarda del patrimonio','Comprende las diferentes acciones que se han de realizar por parte del recurso patrimonial para fomentar la conservación, la protección y la salvaguarda de todo tipo de patrimonio, natural y cultural, material e inmaterial para su uso sostenible. Subrayamos también, como lo reconoce el Consejo de Europa, la importancia en la conservación del patrimonio cultural, de la “comunidad patrimonial”. Es decir, las personas y los valores específicos del patrimonio que se desean conservar y transmitir a futuras generaciones.','high',NULL,11,'4',5),(11,'Empleo y condiciones laborales','Comprende las diferentes acciones a realizar por el recurso patrimonial para favorecer el empleo de calidad, proteger los derechos laborales y promover un entorno de trabajo seguro y sin riesgos para todos los trabajadores.','high',NULL,8,'8',5),(12,'Gestión económica sostenible','Comprende las diferentes acciones que se han de realizar por parte del recurso patrimonial para gestionar sus recursos y cuidarlos, garantizando una rentabilidad responsable y a largo plazo.','high',NULL,8,'4',5),(13,'Gestión sostenible del turismo','Comprende las diferentes acciones que se han de realizar por parte del recurso patrimonial para garantizar modalidades de consumo y producción sostenibles. La gestión sostenible del turismo tiene en cuenta las repercusiones actuales y futuras que sus acciones implican en el ámbito del recurso, tanto económicas como medioambientales o sociales e intenta que estas sean las menos posibles.','high',NULL,10,'b',5),(14,'Igualdad de oportunidades','Comprende las diferentes acciones que se han de realizar por parte del recurso patrimonial para fomentar la ausencia de toda discriminación, directa o indirecta, por motivo de discapacidad, de género o de cualquier distinción, exclusión o restricción, que tenga el efecto sobre las personas por no poder tener igualdad de condiciones en los ámbitos económico, social, laboral, cultural, etc. del propio recurso.','high',NULL,8,'5',5),(15,'Inversión y financiación','','high',NULL,11,'4',5),(16,'Transformación digital','','high',NULL,9,'4',5),(17,'Usuarios, usuarias y comunidad local','','high',NULL,11,'a',5),(18,'Gestión ética, buen gobierno y transparencia','','high',NULL,16,'6',5),(19,'Participación ciudadana','','high',NULL,16,'7',5),(20,'Alianzas y colaboraciones público-privadas','','high',NULL,17,'7',5),(21,'Difusión y sensibilización','Comprende las diferentes acciones que se han de realizar por parte del recurso patrimonial para dar a conocer y transmitir el propio recurso y su legado, tanto material como inmaterial, fomentando su comunicación y difusión en todos sus ámbitos de interés de la sociedad.','high','.',4,'7',9),(22,'Formación','Comprende las diferentes acciones que se han de realizar por parte del recurso patrimonial para fomentar el aprendizaje y capacidades de las personas usuarias, agentes gestores y comunidad del recurso en materia vinculada al mismo. Engloba las actividades de formación ofrecidas por el propio recurso hacia las personas usuarias externas o la formación interna recibida por el propio organismo para avanzar en su gestión.',NULL,NULL,4,'7',9),(23,'Salud pública','Comprende las diferentes acciones que se han de realizar por parte del recurso patrimonial para controlar, evaluar, mejorar y garantizar un ambiente de confort y bienestar en el mismo, enfocado a las personas usuarias y trabajadoras. Además, pretende evaluar e implementar estrategias que contribuyan a dicho confort.',NULL,NULL,3,'4',9),(24,'Biodiversidad','Comprende las diferentes acciones que se han de realizar por parte del recurso patrimonial para conservar, estudiar y fomentar la biodiversidad dentro del mismo, implementando estrategias que ayuden a su valorización y reconocimiento del papel que\njuegan en estos espacios y sus posibles beneficios.',NULL,NULL,15,'5',9),(25,'Contratación de servicios','Comprende las diferentes acciones que se han de realizar por parte del recurso patrimonial para evaluar, controlar y gestionar los servicios contratados dentro del mismo. Esto engloba el análisis de estas contrataciones, valorando la procedencia de sus productos si los tuviera, si tienen criterios de sostenibilidad o no, las condiciones de su\npersonal, etc.',NULL,NULL,12,'6',9),(26,'Economía circular y gestión de residuos','Comprende las diferentes acciones que se han de realizar por parte del recurso patrimonial para garantizar una correcta gestión de los residuos generados y fomentar un aprovechamiento de los mismos donde prime la reducción de elementos, promoviendo la\nutilización de materiales biodegradables que al agotar su vida útil no supongan un daño para el medioambiente.',NULL,NULL,12,'2',9),(27,'Gestión sostenible del recurso hídrico','Comprende las diferentes acciones que se han de realizar por parte del recurso patrimonial para administrar de manera sostenible el uso del agua en las instalaciones. Incluye plantear sistemas de almacenamiento y aprovechamiento de aguas recuperadas\npara su utilización en las necesidades del recurso.','low',NULL,6,'4',9),(28,'Gestión sostenible de equipamientos y mobiliario','Comprende las diferentes acciones que se han de realizar por parte del recurso patrimonial para garantizar que sus instalaciones y mobiliario sean fabricados, en la medida de lo posible, con materiales naturales, reciclados y sin tratamientos químicos, de manera que no supongan un daño para el medioambiente, para las propias personas\nusuarias o encargadas de su fabricación.',NULL,NULL,12,'2',9),(29,'Sanidad vegetal','Comprende las diferentes acciones que se han de realizar por parte del recurso patrimonial para el mantenimiento y gestión de las especies vegetales dentro del recurso, proponiendo actuaciones de conservación, tratamiento y desarrollo de estas, ligadas a un\nproceso sostenible.',NULL,NULL,15,'1',9),(30,'Transición energética y cambio climático','Comprende las diferentes acciones que se han de realizar por parte del recurso patrimonial para implementar y desarrollar mecanismos de aprovechamiento de la energía y fomentar actuaciones para reducir el cambio climático y mermar sus efectos sobre el recurso.',NULL,NULL,13,'2',9),(31,'Accesibilidad e inclusión','Comprende las diferentes acciones que se han de realizar por parte del recurso patrimonial para facilitar información y ofrecer instalaciones accesibles e inclusivas del propio recurso para todas las personas, independientemente de sus condiciones socioeconómicas, discapacidad u otra condición, de modo que cualquier persona pueda\nparticipar, utilizar y acceder al propio recurso de forma autónoma.',NULL,NULL,10,'2',9),(32,'Conservación, protección y salvaguarda del patrimonio','Comprende las diferentes acciones que se han de realizar por parte del recurso patrimonial para fomentar la conservación, la protección y la salvaguarda de todo tipo de patrimonio, natural y cultural, material e inmaterial para su uso sostenible.\nSubrayamos también, como lo reconoce el Consejo de Europa (Dentro del Convenio Marco del Consejo de Europa sobre el Valor del Patrimonio Cultural para la Sociedad), la importancia en la\nconservación del patrimonio cultural, de la “comunidad patrimonial”. Es decir, las personas y los valores específicos del patrimonio que se desean conservar y transmitir a futuras generaciones.',NULL,NULL,11,'4',9),(33,'Empleo y condiciones laborales','Comprende las diferentes acciones a realizar por el recurso patrimonial para favorecer el empleo de calidad, proteger los derechos laborales y promover un entorno de trabajo seguro y sin riesgos para todos los trabajadores.',NULL,NULL,8,'8',9),(34,'Gestión económica sostenible','Comprende las diferentes acciones que se han de realizar por parte del recurso patrimonial para gestionar sus recursos y cuidarlos, garantizando una rentabilidad responsable y a largo plazo.',NULL,NULL,8,'4',9),(36,'Gestión sostenible del turismo','Comprende las diferentes acciones que se han de realizar por parte del recurso patrimonial para garantizar modalidades de consumo y producción sostenibles. La gestión sostenible del turismo tiene en cuenta las repercusiones actuales y futuras que sus acciones implican en el ámbito del recurso, tanto económicas como medioambientales o\nsociales e intenta que estas sean las menos posibles.',NULL,NULL,10,'b',9),(37,'Igualdad de oportunidades','Comprende las diferentes acciones que se han de realizar por parte del recurso patrimonial para fomentar la ausencia de toda discriminación, directa o indirecta, por motivo de discapacidad, de género o de cualquier distinción, exclusión o restricción, que\ntenga el efecto sobre las personas por no poder tener igualdad de condiciones en los ámbitos económico, social, laboral, cultural, etc. del propio recurso.',NULL,NULL,8,'5',9),(38,'Inversión y financiación','Comprende las diferentes acciones y estrategias que se han de realizar por parte del recurso patrimonial para asegurar la financiación del recurso con el fin de garantizar su conservación, protección y mantenimiento.',NULL,NULL,11,'4',9),(39,'Transformación digital','Comprende las diferentes acciones que se han de realizar por parte del recurso patrimonial para integrar tecnologías sostenibles, desarrollar soluciones digitales y fomentar la innovación en el propio recurso, para su mejor avance y gestión.',NULL,NULL,9,'4',9),(40,'Usuarios, usuarias y comunidad local','Comprende las diferentes acciones que se han de realizar por parte del recurso patrimonial para integrar a la comunidad local en las actividades del recurso y mejorar la experiencia de las personas usuarias respecto al mismo.',NULL,NULL,11,'a',9),(41,'Gestión ética, buen gobierno y transparencia','Comprende las diferentes acciones que se han de realizar por parte del recurso patrimonial para ampliar y reforzar una gestión responsable, transparente y ética, que permita que la ciudadanía tenga acceso a una información de calidad y transparente sobre\nel propio recurso.',NULL,NULL,16,'6',9),(42,'Participación ciudadana','Comprende las diferentes acciones que se han de realizar por parte del recurso patrimonial para fomentar la participación de la ciudadanía en la toma de decisiones respecto al manejo del recurso para una gestión del patrimonio más democrática, incluyente y representativa que responda a sus necesidades.',NULL,NULL,16,'7',9),(43,'Alianzas y colaboraciones público-privadas','Comprende las diferentes acciones que se han de realizar por parte del recurso patrimonial para fomentar y promover la constitución de alianzas eficaces con entidades públicas o privadas y de la sociedad civil para la gestión sostenible del recurso.',NULL,NULL,17,'7',9),(94,'Difusión y sensibilización','Comprende las diferentes acciones que se han de realizar por parte del recurso patrimonial para dar a conocer y transmitir el propio recurso y su legado, tanto material como inmaterial, fomentando su comunicación y difusión en todos sus ámbitos de interés de la sociedad.','high','.',4,'7',25),(95,'Formación','Comprende las diferentes acciones que se han de realizar por parte del recurso patrimonial para fomentar el aprendizaje y capacidades de las personas usuarias, agentes gestores y comunidad del recurso en materia vinculada al mismo. Engloba las actividades de formación ofrecidas por el propio recurso hacia las personas usuarias externas o la formación interna recibida por el propio organismo para avanzar en su gestión.',NULL,NULL,4,'7',25),(96,'Salud pública','Comprende las diferentes acciones que se han de realizar por parte del recurso patrimonial para controlar, evaluar, mejorar y garantizar un ambiente de confort y bienestar en el mismo, enfocado a las personas usuarias y trabajadoras. Además, pretende evaluar e implementar estrategias que contribuyan a dicho confort.',NULL,NULL,3,'4',25),(97,'Biodiversidad','Comprende las diferentes acciones que se han de realizar por parte del recurso patrimonial para conservar, estudiar y fomentar la biodiversidad dentro del mismo, implementando estrategias que ayuden a su valorización y reconocimiento del papel que\njuegan en estos espacios y sus posibles beneficios.',NULL,NULL,15,'5',25),(98,'Contratación de servicios','Comprende las diferentes acciones que se han de realizar por parte del recurso patrimonial para evaluar, controlar y gestionar los servicios contratados dentro del mismo. Esto engloba el análisis de estas contrataciones, valorando la procedencia de sus productos si los tuviera, si tienen criterios de sostenibilidad o no, las condiciones de su\npersonal, etc.',NULL,NULL,12,'6',25),(99,'Economía circular y gestión de residuos','Comprende las diferentes acciones que se han de realizar por parte del recurso patrimonial para garantizar una correcta gestión de los residuos generados y fomentar un aprovechamiento de los mismos donde prime la reducción de elementos, promoviendo la\nutilización de materiales biodegradables que al agotar su vida útil no supongan un daño para el medioambiente.',NULL,NULL,12,'2',25),(100,'Gestión sostenible del recurso hídrico','Comprende las diferentes acciones que se han de realizar por parte del recurso patrimonial para administrar de manera sostenible el uso del agua en las instalaciones. Incluye plantear sistemas de almacenamiento y aprovechamiento de aguas recuperadas\npara su utilización en las necesidades del recurso.','low',NULL,6,'4',25),(101,'Gestión sostenible de equipamientos y mobiliario','Comprende las diferentes acciones que se han de realizar por parte del recurso patrimonial para garantizar que sus instalaciones y mobiliario sean fabricados, en la medida de lo posible, con materiales naturales, reciclados y sin tratamientos químicos, de manera que no supongan un daño para el medioambiente, para las propias personas\nusuarias o encargadas de su fabricación.',NULL,NULL,12,'2',25),(102,'Sanidad vegetal','Comprende las diferentes acciones que se han de realizar por parte del recurso patrimonial para el mantenimiento y gestión de las especies vegetales dentro del recurso, proponiendo actuaciones de conservación, tratamiento y desarrollo de estas, ligadas a un\nproceso sostenible.',NULL,NULL,15,'1',25),(103,'Transición energética y cambio climático','Comprende las diferentes acciones que se han de realizar por parte del recurso patrimonial para implementar y desarrollar mecanismos de aprovechamiento de la energía y fomentar actuaciones para reducir el cambio climático y mermar sus efectos sobre el recurso.',NULL,NULL,13,'2',25),(104,'Accesibilidad e inclusión','Comprende las diferentes acciones que se han de realizar por parte del recurso patrimonial para facilitar información y ofrecer instalaciones accesibles e inclusivas del propio recurso para todas las personas, independientemente de sus condiciones socioeconómicas, discapacidad u otra condición, de modo que cualquier persona pueda\nparticipar, utilizar y acceder al propio recurso de forma autónoma.',NULL,NULL,10,'2',25),(105,'Conservación, protección y salvaguarda del patrimonio','Comprende las diferentes acciones que se han de realizar por parte del recurso patrimonial para fomentar la conservación, la protección y la salvaguarda de todo tipo de patrimonio, natural y cultural, material e inmaterial para su uso sostenible.\nSubrayamos también, como lo reconoce el Consejo de Europa (Dentro del Convenio Marco del Consejo de Europa sobre el Valor del Patrimonio Cultural para la Sociedad), la importancia en la\nconservación del patrimonio cultural, de la “comunidad patrimonial”. Es decir, las personas y los valores específicos del patrimonio que se desean conservar y transmitir a futuras generaciones.',NULL,NULL,11,'4',25),(106,'Empleo y condiciones laborales','Comprende las diferentes acciones a realizar por el recurso patrimonial para favorecer el empleo de calidad, proteger los derechos laborales y promover un entorno de trabajo seguro y sin riesgos para todos los trabajadores.',NULL,NULL,8,'8',25),(107,'Gestión económica sostenible','Comprende las diferentes acciones que se han de realizar por parte del recurso patrimonial para gestionar sus recursos y cuidarlos, garantizando una rentabilidad responsable y a largo plazo.',NULL,NULL,8,'4',25),(108,'Gestión sostenible del turismo','Comprende las diferentes acciones que se han de realizar por parte del recurso patrimonial para garantizar modalidades de consumo y producción sostenibles. La gestión sostenible del turismo tiene en cuenta las repercusiones actuales y futuras que sus acciones implican en el ámbito del recurso, tanto económicas como medioambientales o\nsociales e intenta que estas sean las menos posibles.',NULL,NULL,10,'b',25),(109,'Igualdad de oportunidades','Comprende las diferentes acciones que se han de realizar por parte del recurso patrimonial para fomentar la ausencia de toda discriminación, directa o indirecta, por motivo de discapacidad, de género o de cualquier distinción, exclusión o restricción, que\ntenga el efecto sobre las personas por no poder tener igualdad de condiciones en los ámbitos económico, social, laboral, cultural, etc. del propio recurso.',NULL,NULL,8,'5',25),(110,'Inversión y financiación','Comprende las diferentes acciones y estrategias que se han de realizar por parte del recurso patrimonial para asegurar la financiación del recurso con el fin de garantizar su conservación, protección y mantenimiento.',NULL,NULL,11,'4',25),(111,'Transformación digital','Comprende las diferentes acciones que se han de realizar por parte del recurso patrimonial para integrar tecnologías sostenibles, desarrollar soluciones digitales y fomentar la innovación en el propio recurso, para su mejor avance y gestión.',NULL,NULL,9,'4',25),(112,'Usuarios, usuarias y comunidad local','Comprende las diferentes acciones que se han de realizar por parte del recurso patrimonial para integrar a la comunidad local en las actividades del recurso y mejorar la experiencia de las personas usuarias respecto al mismo.',NULL,NULL,11,'a',25),(113,'Gestión ética, buen gobierno y transparencia','Comprende las diferentes acciones que se han de realizar por parte del recurso patrimonial para ampliar y reforzar una gestión responsable, transparente y ética, que permita que la ciudadanía tenga acceso a una información de calidad y transparente sobre\nel propio recurso.',NULL,NULL,16,'6',25),(114,'Participación ciudadana','Comprende las diferentes acciones que se han de realizar por parte del recurso patrimonial para fomentar la participación de la ciudadanía en la toma de decisiones respecto al manejo del recurso para una gestión del patrimonio más democrática, incluyente y representativa que responda a sus necesidades.',NULL,NULL,16,'7',25),(115,'Alianzas y colaboraciones público-privadas','Comprende las diferentes acciones que se han de realizar por parte del recurso patrimonial para fomentar y promover la constitución de alianzas eficaces con entidades públicas o privadas y de la sociedad civil para la gestión sostenible del recurso.',NULL,NULL,17,'7',25),(116,'Difusión y sensibilización','Comprende las diferentes acciones que se han de realizar por parte del recurso patrimonial para dar a conocer y transmitir el propio recurso y su legado, tantomaterial como inmaterial, fomentando su comunicación y difusión en todos sus ámbitos de interés de la sociedad.','high','<p>Objetivo principal 1',4,'7',26),(117,'Formación','Comprende las diferentes acciones que se han de realizar por parte del recurso patrimonial para fomentar el aprendizaje y capacidades de las personas usuarias, agentes gestores y comunidad del recurso en materia vinculada al mismo. Engloba las actividades de formación ofrecidas por el propio recurso hacia las personas usuarias externas o la formación interna recibida por el propio organismo para avanzar en su gestión.','low','<p>Objetivo principal 2</p>',4,'7',26),(118,'Salud pública','Comprende las diferentes acciones que se han de realizar por parte del recurso patrimonial para controlar, evaluar, mejorar y garantizar un ambiente de confort y bienestar en el mismo, enfocado a las personas usuarias y trabajadoras. Además, pretende evaluar e implementar estrategias que contribuyan a dicho confort.','high',NULL,3,'4',26),(119,'Contratación de servicios','Comprende las diferentes acciones que se han de realizar por parte del recurso patrimonial para evaluar, controlar y gestionar los servicios contratados dentro del mismo. Esto engloba el análisis de estas contrataciones, valorando la procedencia de sus productos si los tuviera, si tienen criterios de sostenibilidad o no, las condiciones de su personal, etc.','high',NULL,12,'6',26),(120,'Economía circular y gestión de residuos','Comprende las diferentes acciones que se han de realizar por parte del recurso patrimonial para garantizar una correcta gestión de los residuos generados y fomentar un aprovechamiento de los mismos donde prime la reducción de elementos, promoviendo la utilización de materiales biodegradables que al agotar su vida útil no supongan un daño para el medioambiente.','high',NULL,12,'2',26),(121,'Gestión sostenible del recurso hídrico','Comprende las diferentes acciones que se han de realizar por parte del recurso patrimonial para administrar de manera sostenible el uso del agua en las instalaciones. Incluye plantear sistemas de almacenamiento y aprovechamiento de aguas recuperadas para su utilización en las necesidades del recurso.','high',NULL,6,'4',26),(122,'Gestión sostenible de equipamientos y mobiliario','Comprende las diferentes acciones que se han de realizar por parte del recurso patrimonial para garantizar que sus instalaciones y mobiliario sean fabricados, en la medida de lo posible, con materiales naturales, reciclados y sin tratamientos químicos, de manera que no supongan un daño para el medioambiente, para las propias personas usuarias o encargadas de su fabricación.','high',NULL,12,'2',26),(123,'Transición energética y cambio climático','Comprende las diferentes acciones que se han de realizar por parte del recurso patrimonial para implementar y desarrollar mecanismos de aprovechamiento de la energía y fomentar actuaciones para reducir el cambio climático y mermar sus efectos sobre el recurso.','high',NULL,13,'2',26),(124,'Accesibilidad e inclusión','Comprende las diferentes acciones que se han de realizar por parte del recurso patrimonial para facilitar información y ofrecer instalaciones accesibles e inclusivas del propio recurso para todas las personas, independientemente de sus condiciones socio-económicas, discapacidad u otra condición, de modo que cualquier persona pueda participar, utilizar y acceder al propio recurso de forma autónoma','high',NULL,10,'2',26),(125,'Conservación, protección y salvaguarda del patrimonio','Comprende las diferentes acciones que se han de realizar por parte del recurso patrimonial para fomentar la conservación, la protección y la salvaguarda de todo tipo de patrimonio, natural y cultural, material e inmaterial para su uso sostenible. Subrayamos también, como lo reconoce el Consejo de Europa, la importancia en la conservación del patrimonio cultural, de la “comunidad patrimonial”. Es decir, las personas y los valores específicos del patrimonio que se desean conservar y transmitir a futuras generaciones.','high',NULL,11,'4',26),(126,'Empleo y condiciones laborales','Comprende las diferentes acciones a realizar por el recurso patrimonial para favorecer el empleo de calidad, proteger los derechos laborales y promover un entorno de trabajo seguro y sin riesgos para todos los trabajadores.','high',NULL,8,'8',26),(127,'Gestión económica sostenible','Comprende las diferentes acciones que se han de realizar por parte del recurso patrimonial para gestionar sus recursos y cuidarlos, garantizando una rentabilidad responsable y a largo plazo.','high',NULL,8,'4',26),(128,'Gestión sostenible del turismo','Comprende las diferentes acciones que se han de realizar por parte del recurso patrimonial para garantizar modalidades de consumo y producción sostenibles. La gestión sostenible del turismo tiene en cuenta las repercusiones actuales y futuras que sus acciones implican en el ámbito del recurso, tanto económicas como medioambientales o sociales e intenta que estas sean las menos posibles.','high',NULL,10,'b',26),(129,'Igualdad de oportunidades','Comprende las diferentes acciones que se han de realizar por parte del recurso patrimonial para fomentar la ausencia de toda discriminación, directa o indirecta, por motivo de discapacidad, de género o de cualquier distinción, exclusión o restricción, que tenga el efecto sobre las personas por no poder tener igualdad de condiciones en los ámbitos económico, social, laboral, cultural, etc. del propio recurso.','high',NULL,8,'5',26),(130,'Inversión y financiación','','high',NULL,11,'4',26),(131,'Transformación digital','','high',NULL,9,'4',26),(132,'Usuarios, usuarias y comunidad local','','high',NULL,11,'a',26),(133,'Gestión ética, buen gobierno y transparencia','','high',NULL,16,'6',26),(134,'Participación ciudadana','','high',NULL,16,'7',26),(135,'Alianzas y colaboraciones público-privadas','','high',NULL,17,'7',26),(136,'Difusión y sensibilización','Comprende las diferentes acciones que se han de realizar por parte del recurso patrimonial para dar a conocer y transmitir el propio recurso y su legado, tanto material como inmaterial, fomentando su comunicación y difusión en todos sus ámbitos de interés de la sociedad.','high','.',4,'7',31),(137,'Formación','Comprende las diferentes acciones que se han de realizar por parte del recurso patrimonial para fomentar el aprendizaje y capacidades de las personas usuarias, agentes gestores y comunidad del recurso en materia vinculada al mismo. Engloba las actividades de formación ofrecidas por el propio recurso hacia las personas usuarias externas o la formación interna recibida por el propio organismo para avanzar en su gestión.',NULL,NULL,4,'7',31),(138,'Salud pública','Comprende las diferentes acciones que se han de realizar por parte del recurso patrimonial para controlar, evaluar, mejorar y garantizar un ambiente de confort y bienestar en el mismo, enfocado a las personas usuarias y trabajadoras. Además, pretende evaluar e implementar estrategias que contribuyan a dicho confort.',NULL,NULL,3,'4',31),(139,'Biodiversidad','Comprende las diferentes acciones que se han de realizar por parte del recurso patrimonial para conservar, estudiar y fomentar la biodiversidad dentro del mismo, implementando estrategias que ayuden a su valorización y reconocimiento del papel que\njuegan en estos espacios y sus posibles beneficios.',NULL,NULL,15,'5',31),(140,'Contratación de servicios','Comprende las diferentes acciones que se han de realizar por parte del recurso patrimonial para evaluar, controlar y gestionar los servicios contratados dentro del mismo. Esto engloba el análisis de estas contrataciones, valorando la procedencia de sus productos si los tuviera, si tienen criterios de sostenibilidad o no, las condiciones de su\npersonal, etc.',NULL,NULL,12,'6',31),(141,'Economía circular y gestión de residuos','Comprende las diferentes acciones que se han de realizar por parte del recurso patrimonial para garantizar una correcta gestión de los residuos generados y fomentar un aprovechamiento de los mismos donde prime la reducción de elementos, promoviendo la\nutilización de materiales biodegradables que al agotar su vida útil no supongan un daño para el medioambiente.',NULL,NULL,12,'2',31),(142,'Gestión sostenible del recurso hídrico','Comprende las diferentes acciones que se han de realizar por parte del recurso patrimonial para administrar de manera sostenible el uso del agua en las instalaciones. Incluye plantear sistemas de almacenamiento y aprovechamiento de aguas recuperadas\npara su utilización en las necesidades del recurso.','low',NULL,6,'4',31),(143,'Gestión sostenible de equipamientos y mobiliario','Comprende las diferentes acciones que se han de realizar por parte del recurso patrimonial para garantizar que sus instalaciones y mobiliario sean fabricados, en la medida de lo posible, con materiales naturales, reciclados y sin tratamientos químicos, de manera que no supongan un daño para el medioambiente, para las propias personas\nusuarias o encargadas de su fabricación.',NULL,NULL,12,'2',31),(144,'Sanidad vegetal','Comprende las diferentes acciones que se han de realizar por parte del recurso patrimonial para el mantenimiento y gestión de las especies vegetales dentro del recurso, proponiendo actuaciones de conservación, tratamiento y desarrollo de estas, ligadas a un\nproceso sostenible.',NULL,NULL,15,'1',31),(145,'Transición energética y cambio climático','Comprende las diferentes acciones que se han de realizar por parte del recurso patrimonial para implementar y desarrollar mecanismos de aprovechamiento de la energía y fomentar actuaciones para reducir el cambio climático y mermar sus efectos sobre el recurso.',NULL,NULL,13,'2',31),(146,'Accesibilidad e inclusión','Comprende las diferentes acciones que se han de realizar por parte del recurso patrimonial para facilitar información y ofrecer instalaciones accesibles e inclusivas del propio recurso para todas las personas, independientemente de sus condiciones socioeconómicas, discapacidad u otra condición, de modo que cualquier persona pueda\nparticipar, utilizar y acceder al propio recurso de forma autónoma.',NULL,NULL,10,'2',31),(147,'Conservación, protección y salvaguarda del patrimonio','Comprende las diferentes acciones que se han de realizar por parte del recurso patrimonial para fomentar la conservación, la protección y la salvaguarda de todo tipo de patrimonio, natural y cultural, material e inmaterial para su uso sostenible.\nSubrayamos también, como lo reconoce el Consejo de Europa (Dentro del Convenio Marco del Consejo de Europa sobre el Valor del Patrimonio Cultural para la Sociedad), la importancia en la\nconservación del patrimonio cultural, de la “comunidad patrimonial”. Es decir, las personas y los valores específicos del patrimonio que se desean conservar y transmitir a futuras generaciones.',NULL,NULL,11,'4',31),(148,'Empleo y condiciones laborales','Comprende las diferentes acciones a realizar por el recurso patrimonial para favorecer el empleo de calidad, proteger los derechos laborales y promover un entorno de trabajo seguro y sin riesgos para todos los trabajadores.',NULL,NULL,8,'8',31),(149,'Gestión económica sostenible','Comprende las diferentes acciones que se han de realizar por parte del recurso patrimonial para gestionar sus recursos y cuidarlos, garantizando una rentabilidad responsable y a largo plazo.',NULL,NULL,8,'4',31),(150,'Gestión sostenible del turismo','Comprende las diferentes acciones que se han de realizar por parte del recurso patrimonial para garantizar modalidades de consumo y producción sostenibles. La gestión sostenible del turismo tiene en cuenta las repercusiones actuales y futuras que sus acciones implican en el ámbito del recurso, tanto económicas como medioambientales o\nsociales e intenta que estas sean las menos posibles.',NULL,NULL,10,'b',31),(151,'Igualdad de oportunidades','Comprende las diferentes acciones que se han de realizar por parte del recurso patrimonial para fomentar la ausencia de toda discriminación, directa o indirecta, por motivo de discapacidad, de género o de cualquier distinción, exclusión o restricción, que\ntenga el efecto sobre las personas por no poder tener igualdad de condiciones en los ámbitos económico, social, laboral, cultural, etc. del propio recurso.',NULL,NULL,8,'5',31),(152,'Inversión y financiación','Comprende las diferentes acciones y estrategias que se han de realizar por parte del recurso patrimonial para asegurar la financiación del recurso con el fin de garantizar su conservación, protección y mantenimiento.',NULL,NULL,11,'4',31),(153,'Transformación digital','Comprende las diferentes acciones que se han de realizar por parte del recurso patrimonial para integrar tecnologías sostenibles, desarrollar soluciones digitales y fomentar la innovación en el propio recurso, para su mejor avance y gestión.',NULL,NULL,9,'4',31),(154,'Usuarios, usuarias y comunidad local','Comprende las diferentes acciones que se han de realizar por parte del recurso patrimonial para integrar a la comunidad local en las actividades del recurso y mejorar la experiencia de las personas usuarias respecto al mismo.',NULL,NULL,11,'a',31),(155,'Gestión ética, buen gobierno y transparencia','Comprende las diferentes acciones que se han de realizar por parte del recurso patrimonial para ampliar y reforzar una gestión responsable, transparente y ética, que permita que la ciudadanía tenga acceso a una información de calidad y transparente sobre\nel propio recurso.',NULL,NULL,16,'6',31),(156,'Participación ciudadana','Comprende las diferentes acciones que se han de realizar por parte del recurso patrimonial para fomentar la participación de la ciudadanía en la toma de decisiones respecto al manejo del recurso para una gestión del patrimonio más democrática, incluyente y representativa que responda a sus necesidades.',NULL,NULL,16,'7',31),(157,'Alianzas y colaboraciones público-privadas','Comprende las diferentes acciones que se han de realizar por parte del recurso patrimonial para fomentar y promover la constitución de alianzas eficaces con entidades públicas o privadas y de la sociedad civil para la gestión sostenible del recurso.',NULL,NULL,17,'7',31);
/*!40000 ALTER TABLE `material_topics` ENABLE KEYS */;
UNLOCK TABLES;

--
-- Table structure for table `ods`
--

DROP TABLE IF EXISTS `ods`;
/*!40101 SET @saved_cs_client     = @@character_set_client */;
/*!50503 SET character_set_client = utf8mb4 */;
CREATE TABLE `ods` (
  `id` int NOT NULL AUTO_INCREMENT,
  `name` varchar(255) NOT NULL,
  `description` text,
  `dimension_id` int NOT NULL,
  PRIMARY KEY (`id`),
  UNIQUE KEY `name` (`name`),
  KEY `dimension_id` (`dimension_id`),
  CONSTRAINT `ods_ibfk_1` FOREIGN KEY (`dimension_id`) REFERENCES `dimensions` (`id`) ON DELETE CASCADE ON UPDATE CASCADE
) ENGINE=InnoDB AUTO_INCREMENT=18 DEFAULT CHARSET=utf8mb4 COLLATE=utf8mb4_0900_ai_ci;
/*!40101 SET character_set_client = @saved_cs_client */;

--
-- Dumping data for table `ods`
--

LOCK TABLES `ods` WRITE;
/*!40000 ALTER TABLE `ods` DISABLE KEYS */;
INSERT INTO `ods` VALUES (1,'Fin de la Pobreza','Poner fin a la pobreza en todas sus formas en todo el mundo.',3),(2,'Hambre Cero','Poner fin al hambre, lograr la seguridad alimentaria, mejorar la nutrición y promover la agricultura sostenible.',3),(3,'Salud y Bienestar','Asegurar una vida sana y promover el bienestar para todos a todas las edades.',3),(4,'Educación de Calidad','Asegurar una educación inclusiva, equitativa y de calidad, y promover oportunidades de aprendizaje durante toda la vida para todos.',3),(5,'Igualdad de Género','Lograr la igualdad entre los géneros y empoderar a todas las mujeres y niñas.',3),(6,'Agua Limpia y Saneamiento','Garantizar la disponibilidad y la gestión sostenible del agua y el saneamiento para todos.',4),(7,'Energía Asequible y no Contaminante','Asegurar el acceso a una energía asequible, fiable, sostenible y moderna para todos.',5),(8,'Trabajo Decente y Crecimiento Económico','Promover un crecimiento económico sostenido, inclusivo y sostenible, el empleo pleno y productivo y el trabajo decente para todos.',5),(9,'Industria, Innovación e Infraestructura','Construir infraestructuras resilientes, promover la industrialización inclusiva y sostenible y fomentar la innovación.',5),(10,'Reducción de las Desigualdades','Reducir la desigualdad dentro y entre los países.',5),(11,'Ciudades y Comunidades Sostenibles','Hacer que las ciudades y los asentamientos humanos sean inclusivos, seguros, resilientes y sostenibles.',5),(12,'Producción y Consumo Responsables','Garantizar modalidades de producción y consumo sostenibles.',4),(13,'Acción por el Clima','Adoptar medidas urgentes para combatir el cambio climático y sus efectos.',4),(14,'Vida Submarina','Conservar y utilizar de forma sostenible los océanos, los mares y los recursos marinos para el desarrollo sostenible.',4),(15,'Vida de Ecosistemas Terrestres','Proteger, restaurar y promover el uso sostenible de los ecosistemas terrestres, gestionar sosteniblemente los bosques, luchar contra la desertificación y detener e invertir la degradación de la tierra, y detener la pérdida de biodiversidad.',4),(16,'Paz, Justicia e Instituciones Sólidas','Promover sociedades justas, pacíficas e inclusivas; brindar acceso a la justicia para todos y construir instituciones efectivas, responsables e inclusivas en todos los niveles.',6),(17,'Alianzas para Lograr los Objetivos','Fortalecer los medios de ejecución y revitalizar la Alianza Mundial para el Desarrollo Sostenible.',7);
/*!40000 ALTER TABLE `ods` ENABLE KEYS */;
UNLOCK TABLES;

--
-- Table structure for table `performance_indicators`
--

DROP TABLE IF EXISTS `performance_indicators`;
/*!40101 SET @saved_cs_client     = @@character_set_client */;
/*!50503 SET character_set_client = utf8mb4 */;
CREATE TABLE `performance_indicators` (
  `id` int NOT NULL AUTO_INCREMENT,
  `name` text NOT NULL,
  `human_resources` text,
  `material_resources` text,
  `type` enum('quantitative','qualitative') NOT NULL,
  `action_id` int NOT NULL,
  PRIMARY KEY (`id`),
  KEY `action_id` (`action_id`),
  CONSTRAINT `performance_indicators_ibfk_1` FOREIGN KEY (`action_id`) REFERENCES `actions` (`id`) ON DELETE CASCADE ON UPDATE CASCADE
) ENGINE=InnoDB AUTO_INCREMENT=652 DEFAULT CHARSET=utf8mb4 COLLATE=utf8mb4_0900_ai_ci;
/*!40101 SET character_set_client = @saved_cs_client */;

--
-- Dumping data for table `performance_indicators`
--

LOCK TABLES `performance_indicators` WRITE;
/*!40000 ALTER TABLE `performance_indicators` DISABLE KEYS */;
INSERT INTO `performance_indicators` VALUES (1,'cvbcvb','bbbb','bbbb','quantitative',7),(3,'Indicador que cambiará','UNOS','OTROS','qualitative',7),(4,'abc','a','a','quantitative',5),(5,'dsf','f','sdfasdf','quantitative',9),(6,'¿Su recurso tiene o participa en algún plan o estrategia de divulgación y educación en sostenibilidad basada en el patrimonio cultural? (En caso afirmativo, indique cuál o cuáles y una breve descripción [nombre, objetivos, temporalidad…])',NULL,NULL,'qualitative',10),(7,'¿Su recurso cuenta con algún reconocimiento, mención o premio? (En caso afirmativo, indique cuál o cuáles.)',NULL,NULL,'qualitative',10),(8,'¿Se llevan a cabo acciones para innovar y actualizar los contenidos en el recurso patrimonial? ',NULL,NULL,'qualitative',10),(9,'¿Dispone de redes sociales u otros canales similares de información y difusión?',NULL,NULL,'qualitative',10),(10,'N.º de actividades de divulgación y educación realizadas en el último año',NULL,NULL,'quantitative',10),(11,'N.º de canales de divulgación que posee el recurso patrimonial',NULL,NULL,'quantitative',10),(12,'N.º de personas que han asistido a las actividades realizadas en el último año',NULL,NULL,'quantitative',10),(13,'N.º de publicaciones presentadas en el último año',NULL,NULL,'quantitative',10),(14,'N.º de publicaciones mensuales en redes sociales y canales de divulgación',NULL,NULL,'quantitative',10),(15,'N.º de visitas anuales al recurso patrimonial. ',NULL,NULL,'quantitative',10),(16,'Tasa de participación en las actividades realizadas según las plazas ofertadas',NULL,NULL,'quantitative',10),(17,'¿Su recurso patrimonial cuenta con algún plan o estrategia de formación? En caso afirmativo, indique específicamente cuál, la fase en la que se encuentra (en elaboración o vigente) y su vigencia temporal',NULL,NULL,'qualitative',11),(18,'¿Se llevan a cabo actividades de formación para las personas que forman la plantilla del recurso patrimonial?',NULL,NULL,'qualitative',11),(19,'¿Se llevan a cabo actividades de formación para personas ajenas al recurso patrimonial?',NULL,NULL,'qualitative',11),(20,'N.º de actividades de formación realizadas en el último año',NULL,NULL,'quantitative',11),(21,'Tasa de participación en las actividades realizadas según las plazas ofertadas',NULL,NULL,'quantitative',11),(22,'N.º de personas que han asistido a las actividades de formación realizadas en el último año',NULL,NULL,'quantitative',11),(23,'¿Cuenta o participa en algún plan o estrategia de evaluación, control o mejora de la salud pública y confort de los usuarios de su recurso patrimonial? (En caso afirmativo, indique específicamente cuál, la fase en la que se encuentra (en elaboración o vigente) y su vigencia temporal',NULL,NULL,'qualitative',12),(24,'¿En su recurso patrimonial existen elementos que mejoran el bienestar y confort del usuario?',NULL,NULL,'qualitative',12),(25,'Capacidad de amortiguación del ruido en el interior del recurso patrimonial',NULL,NULL,'quantitative',12),(26,'N.º de elementos que ayudan al confort de la persona usuaria (vegetación, agua, calidad del aire, iluminación…)',NULL,NULL,'quantitative',12),(27,'Temperatura media en verano en el recurso patrimonial cultural',NULL,NULL,'quantitative',12),(28,'Temperatura media en invierno en el recurso patrimonial cultural',NULL,NULL,'quantitative',12),(29,'Humedad media en verano en el recurso patrimonial cultural',NULL,NULL,'quantitative',12),(30,'Humedad media en invernio en el recurso patrimonial cultural',NULL,NULL,'quantitative',12),(31,'Índice de presencia de alérgenos (solo en caso de recursos patrimoniales culturales con jardines)',NULL,NULL,'qualitative',12),(32,'¿Existe variedad de especies vegetales en su recurso patrimonial? ¿Cuenta con alguna estrategia que contribuya a su mantenimiento y enriquecimiento?',NULL,NULL,'qualitative',13),(33,'N.º de especies vegetales diferentes existentes en el recurso patrimonial',NULL,NULL,'quantitative',13),(34,'¿El recurso patrimonial necesita y hace uso de servicios externos? ',NULL,NULL,'qualitative',14),(35,'¿Su recurso patrimonial cuenta o participa en algún plan o estrategia para la contratación de servicios y proveedores que cumplan criterios sostenibles? (En caso afirmativo, indique específicamente cuál, la fase en la que se encuentra (en elaboración o vigente) y su vigencia temporal)',NULL,NULL,'qualitative',14),(36,'N.º de servicios externos contratados',NULL,NULL,'quantitative',14),(37,'Proporción de productos y proveedores locales',NULL,NULL,'quantitative',14),(38,'Proporción o nº de proveedores sostenibles',NULL,NULL,'quantitative',14),(39,'¿Su recurso patrimonial cuenta o participa en algún plan o estrategia de gestión de residuos que favorezca la recogida selectiva y la posterior administración controlada de residuos? (En caso afirmativo, indique específicamente cuál, la fase en la que se encuentra (en elaboración o vigente) y su vigencia temporal)',NULL,NULL,'qualitative',15),(40,'Proporción de residuos reciclados',NULL,NULL,'quantitative',15),(41,'¿Su recurso patrimonial cuenta o participa en algún plan o estrategia de gestión sostenible del recurso hídrico? (En caso afirmativo, indique específicamente cuál, la fase en la que se encuentra (en elaboración o vigente) y su vigencia temporal)',NULL,NULL,'qualitative',16),(42,'¿Se dispone de infraestructuras para gestionar la recogida y aprovechamiento del agua? ¿En su recurso patrimonial existen pozos o aljibes de los cuales obtener agua de riego?',NULL,NULL,'qualitative',16),(43,'Consumo de agua en el recurso patrimonial durante el último año',NULL,NULL,'quantitative',16),(44,'Proporción de agua procedente de pozos o aljibes empleada en el riego de la vegetación o patios existentes en el recurso patrimonial',NULL,NULL,'quantitative',16),(45,'Proporción de riegos eficientes (para recursos patrimoniales culturales con grandes espacios ajardinados)',NULL,NULL,'quantitative',16),(46,'¿En su recurso patrimonial cuentan con elementos y mobiliario de bajo mantenimiento y largo rendimiento? ',NULL,NULL,'qualitative',17),(47,'¿En su recurso patrimonial reutilizan elementos en distintas actividades u ocasiones?',NULL,NULL,'qualitative',17),(48,'Proporción de materiales y elementos reutilizados en distintas actividades',NULL,NULL,'quantitative',17),(49,'¿Se disponen de medios y/o mecanismos de evaluación, control y prevención de riesgos para garantizar el cuidado y mantenimiento de las plantas? ',NULL,NULL,'qualitative',18),(50,'Cantidad de productos químicos -fertilizantes y fitosanitarios- empleados',NULL,NULL,'quantitative',18),(51,'¿En su recurso patrimonial existe algún plan o estrategia de eficiencia energética? (En caso afirmativo, indique específicamente cuál, la fase en la que se encuentra (en elaboración o vigente) y su vigencia temporal)',NULL,NULL,'qualitative',19),(52,'¿En su recurso patrimonial existe algún plan o estrategia de adaptación y/o mitigación del cambio climático? (En caso afirmativo, indique específicamente cuál, la fase en la que se encuentra (en elaboración o vigente) y su vigencia temporal)',NULL,NULL,'qualitative',19),(53,'Consumo de electricidad durante un año (facturas)',NULL,NULL,'quantitative',19),(54,'Proporción de energía procedente de autoconsumo',NULL,NULL,'quantitative',19),(55,'N.º de sistemas de acondicionamiento pasivo',NULL,NULL,'quantitative',19),(56,'¿Cuenta con algún plan o estrategia de accesibilidad e inclusión al recurso patrimonial? (En caso afirmativo, indique específicamente cuál, la fase en la que se encuentra (en elaboración o vigente) y su vigencia temporal)',NULL,NULL,'qualitative',20),(57,'¿Existe información para personas en situación de discapacidad? (véanse tipos de discapacidad)',NULL,NULL,'qualitative',20),(58,'¿Existen señales adaptadas a personas en situación de discapacidad? (véanse tipos de discapacidad)',NULL,NULL,'qualitative',20),(59,'¿Existen tasas reducidas para usuarios de distintos colectivos? (riesgo de exclusión social, 3ª edad, estudiantes…)',NULL,NULL,'qualitative',20),(60,'Proporción de superficie accesible a personas con discapacidad',NULL,NULL,'quantitative',20),(61,'Proporción de equipamiento y mobiliario adaptado',NULL,NULL,'quantitative',20),(62,'Grado de satisfacción de visitantes (encuestas)',NULL,NULL,'quantitative',20),(63,'¿Su recurso patrimonial cuenta con algún plan o estrategia relativa a la conservación, protección y/o salvaguarda del patrimonio? (En caso afirmativo, indique específicamente cuál, la fase en la que se encuentra (en elaboración o vigente) y su vigencia temporal) ',NULL,NULL,'qualitative',21),(64,'¿En su recurso patrimonial se llevan a cabo actuaciones de conservación preventiva?',NULL,NULL,'qualitative',21),(65,'¿En su recurso patrimonial se llevan a cabo actuaciones concretas sobre elementos patrimoniales para su conservación?',NULL,NULL,'qualitative',21),(66,'N.º de actividades dedicadas a la conservación, protección y salvaguarda del recurso patrimonial',NULL,NULL,'quantitative',21),(67,'N.º de actuaciones dedicadas a la conservación, protección y salvaguarda del recurso patrimonial',NULL,NULL,'quantitative',21),(68,'¿Cuenta o participa en algún plan o estrategia que fomente el empleo en el recurso patrimonial? En caso afirmativo, indique cuál o cuáles y una breve descripción',NULL,NULL,'qualitative',22),(69,'¿Su recurso patrimonial cuenta con algún plan de conciliación familiar?',NULL,NULL,'qualitative',22),(70,'¿En su recurso patrimonial cuentan con algún plan o estrategia de gestión económica sostenible? (En caso afirmativo, indique específicamente cuál, la fase en la que se encuentra (en elaboración o vigente) y su vigencia temporal)',NULL,NULL,'qualitative',23),(71,'¿Existen mecanismos de seguimiento y control de gastos e ingresos? ',NULL,NULL,'qualitative',23),(72,'Porcentaje anual de ingresos sobre gastos',NULL,NULL,'quantitative',23),(73,'Porcentaje de gasto corriente destinado a cada asunto relevante',NULL,NULL,'quantitative',23),(74,'Porcentaje de gasto anual procedente de financiación externa',NULL,NULL,'quantitative',23),(75,'¿Existe alguna estrategia en su recurso patrimonial que ayude a minimizar el impacto negativo del turismo en el entorno y así hacerlo más sostenible?',NULL,NULL,'qualitative',24),(76,'N.º de estrategias o actuaciones vinculadas a fomentar el turismo sostenible ',NULL,NULL,'quantitative',24),(77,'Capacidad de carga en el recurso patrimonial',NULL,NULL,'quantitative',24),(78,'N.º de visitantes a lo largo del año teniendo en cuenta la temporalidad',NULL,NULL,'quantitative',24),(79,'Grado de satisfacción de la población local respecto al turismo (encuestas)',NULL,NULL,'quantitative',24),(80,'Índice de paridad de género en la estructura organizativa',NULL,NULL,'quantitative',25),(81,'¿Existe algún plan o estrategia que favorezca la igualdad de oportunidades en su recurso patrimonial? (En caso afirmativo, indique específicamente cuál, la fase en la que se encuentra (en elaboración o vigente) y su vigencia temporal)',NULL,NULL,'qualitative',25),(82,'Proporción de personas en riesgo de pobreza y exclusión (ERPE) que regularmente prestan servicio',NULL,NULL,'quantitative',25),(83,'Proporción de personas con una discapacidad igual o superior al 33% que regularmente prestan servicio',NULL,NULL,'quantitative',25),(84,'¿Su recurso patrimonial cuenta con algún plan para obtener inversión y financiación alternativa? (En caso afirmativo, indique específicamente cuál, la fase en la que se encuentra (en elaboración o vigente) y su vigencia temporal)',NULL,NULL,'qualitative',26),(85,'¿Existe financiación pública y/o privada que permita el mantenimiento de su recurso? En caso afirmativo, indique cuál. ',NULL,NULL,'qualitative',26),(86,'Proporción de gasto de inversiones',NULL,NULL,'quantitative',26),(87,'Proporción de gasto corriente en un año',NULL,NULL,'quantitative',26),(88,'Proporción de presupuesto anual procedente de financiación externa',NULL,NULL,'quantitative',26),(89,'¿Dispone de algún plan para la incorporación de nuevas tecnologías al servicio de su recurso patrimonial? (En caso afirmativo, indique específicamente cuál, la fase en la que se encuentra (en elaboración o vigente) y su vigencia temporal y breve descripción)',NULL,NULL,'qualitative',27),(90,'¿Se fomenta el empleo de recursos digitales para su gestión, así como para las personas usuarias?',NULL,NULL,'qualitative',27),(91,'N.º de recursos tecnológicos empleados en la gestión del recurso patrimonial (gestión informática de visitantes, publicación en redes sociales, página web, etc.)',NULL,NULL,'quantitative',27),(92,'Porcentaje de archivo digitalizado',NULL,NULL,'quantitative',27),(93,'Porcentaje de patrimonio digitalizado (vistas 360º, levantamientos, recreaciones virtuales, etc.)',NULL,NULL,'quantitative',27),(94,'¿Su recurso patrimonial cuenta con alguna estrategia que favorezca la vinculación con la comunidad? (En caso afirmativo, indique específicamente cuál, la fase en la que se encuentra (en elaboración o vigente) y su vigencia temporal)',NULL,NULL,'qualitative',28),(95,'¿Su recurso patrimonial cuenta con algún plan que vele por la seguridad y salud de las personas usuarias? (En caso afirmativo, indique específicamente cuál, la fase en la que se encuentra (en elaboración o vigente) y su vigencia temporal)',NULL,NULL,'qualitative',28),(96,'¿En su recurso patrimonial existe un plan para mejora de la experiencia de las personas usuarias?',NULL,NULL,'qualitative',28),(97,'N.º de actividades llevadas a cabo con la comunidad local ',NULL,NULL,'quantitative',28),(98,'Proporción de visitantes locales respecto a las totales',NULL,NULL,'quantitative',28),(99,'¿Su recurso patrimonial cuenta con un código de buenas prácticas o instrumento similar para su gestión? (En caso afirmativo, adjunte el mismo como anexo)',NULL,NULL,'qualitative',29),(100,'¿Cuenta con un plan de información o comunicación sobre el estado y la gestión del recurso patrimonial? (En caso afirmativo, indique específicamente cuál, la fase en la que se encuentra (en elaboración o vigente) y su vigencia temporal)',NULL,NULL,'qualitative',29),(101,'¿Se publican memorias de sostenibilidad o progreso? (En caso afirmativo, indique específicamente cuál, la fase en la que se encuentra (en elaboración o vigente) y su vigencia temporal) ',NULL,NULL,'qualitative',29),(102,'¿Existe transparencia en las tomas de decisiones acerca de la gestión del recurso patrimonial?',NULL,NULL,'qualitative',29),(103,'¿Existe algún plan que fomente la participación ciudadana en la toma de decisiones de su recurso patrimonial? (En caso afirmativo, indique específicamente cuál, la fase en la que se encuentra (en elaboración o vigente) y su vigencia temporal)',NULL,NULL,'qualitative',30),(104,'¿Cuenta con algún plan o estrategia de formación de voluntariado en su recurso patrimonial? (En caso afirmativo, indique específicamente cuál, la fase en la que se encuentra (en elaboración o vigente) y su vigencia temporal)',NULL,NULL,'qualitative',30),(105,'¿Cuenta con algún plan o estrategia de integración de personas mayores en voluntariado o metodologías participativas en su recurso patrimonial? (En caso afirmativo, indique específicamente cuál, la fase en la que se encuentra (en elaboración o vigente) y su vigencia temporal)',NULL,NULL,'qualitative',30),(106,'N.º de procesos y eventos participativos realizados en el último año',NULL,NULL,'quantitative',30),(107,'N.º de actividades o trabajos realizados por petición de los grupos de interés',NULL,NULL,'quantitative',30),(108,'N.º de personas activas en labores de voluntariado',NULL,NULL,'quantitative',30),(109,'¿Cuenta o participa en alianzas o colaboraciones con otras entidades o servicios públicos a fin de mejorar la gestión sostenible de su recurso patrimonial? (En caso afirmativo, indique específicamente cuál, la fase en la que se encuentra (en elaboración o vigente) y su vigencia temporal)',NULL,NULL,'qualitative',31),(110,'¿Cuenta o participa en alianzas o colaboraciones con otras entidades privadas a fin de mejorar la gestión sostenible?',NULL,NULL,'qualitative',31),(111,'N.º de convenios o acciones de colaboración con entidades tanto públicas como privadas',NULL,NULL,'quantitative',31),(112,'N.º de instituciones o entidades con las que colabora el recurso patrimonial',NULL,NULL,'quantitative',31),(327,'¿Su recurso tiene o participa en algún plan o estrategia de divulgación y educación en sostenibilidad basada en el patrimonio cultural? (En caso afirmativo, indique cuál o cuáles y una breve descripción [nombre, objetivos, temporalidad…])',NULL,NULL,'qualitative',76),(328,'¿Su recurso cuenta con algún reconocimiento, mención o premio? (En caso afirmativo, indique cuál o cuáles.)',NULL,NULL,'qualitative',76),(329,'¿Se llevan a cabo acciones para innovar y actualizar los contenidos en el recurso patrimonial? ',NULL,NULL,'qualitative',76),(330,'¿Dispone de redes sociales u otros canales similares de información y difusión?',NULL,NULL,'qualitative',76),(331,'N.º de actividades de divulgación y educación realizadas en el último año',NULL,NULL,'quantitative',76),(332,'N.º de canales de divulgación que posee el recurso patrimonial',NULL,NULL,'quantitative',76),(333,'N.º de personas que han asistido a las actividades realizadas en el último año',NULL,NULL,'quantitative',76),(334,'N.º de publicaciones presentadas en el último año',NULL,NULL,'quantitative',76),(335,'N.º de publicaciones mensuales en redes sociales y canales de divulgación',NULL,NULL,'quantitative',76),(336,'N.º de visitas anuales al recurso patrimonial. ',NULL,NULL,'quantitative',76),(337,'Tasa de participación en las actividades realizadas según las plazas ofertadas',NULL,NULL,'quantitative',76),(338,'¿Su recurso patrimonial cuenta con algún plan o estrategia de formación? En caso afirmativo, indique específicamente cuál, la fase en la que se encuentra (en elaboración o vigente) y su vigencia temporal',NULL,NULL,'qualitative',77),(339,'¿Se llevan a cabo actividades de formación para las personas que forman la plantilla del recurso patrimonial?',NULL,NULL,'qualitative',77),(340,'¿Se llevan a cabo actividades de formación para personas ajenas al recurso patrimonial?',NULL,NULL,'qualitative',77),(341,'N.º de actividades de formación realizadas en el último año',NULL,NULL,'quantitative',77),(342,'Tasa de participación en las actividades realizadas según las plazas ofertadas',NULL,NULL,'quantitative',77),(343,'N.º de personas que han asistido a las actividades de formación realizadas en el último año',NULL,NULL,'quantitative',77),(344,'¿Cuenta o participa en algún plan o estrategia de evaluación, control o mejora de la salud pública y confort de los usuarios de su recurso patrimonial? (En caso afirmativo, indique específicamente cuál, la fase en la que se encuentra (en elaboración o vigente) y su vigencia temporal',NULL,NULL,'qualitative',78),(345,'¿En su recurso patrimonial existen elementos que mejoran el bienestar y confort del usuario?',NULL,NULL,'qualitative',78),(346,'Capacidad de amortiguación del ruido en el interior del recurso patrimonial',NULL,NULL,'quantitative',78),(347,'N.º de elementos que ayudan al confort de la persona usuaria (vegetación, agua, calidad del aire, iluminación…)',NULL,NULL,'quantitative',78),(348,'Temperatura media en verano en el recurso patrimonial cultural',NULL,NULL,'quantitative',78),(349,'Temperatura media en invierno en el recurso patrimonial cultural',NULL,NULL,'quantitative',78),(350,'Humedad media en verano en el recurso patrimonial cultural',NULL,NULL,'quantitative',78),(351,'Humedad media en invernio en el recurso patrimonial cultural',NULL,NULL,'quantitative',78),(352,'Índice de presencia de alérgenos (solo en caso de recursos patrimoniales culturales con jardines)',NULL,NULL,'qualitative',78),(353,'¿Existe variedad de especies vegetales en su recurso patrimonial? ¿Cuenta con alguna estrategia que contribuya a su mantenimiento y enriquecimiento?',NULL,NULL,'qualitative',79),(354,'N.º de especies vegetales diferentes existentes en el recurso patrimonial',NULL,NULL,'quantitative',79),(355,'¿El recurso patrimonial necesita y hace uso de servicios externos? ',NULL,NULL,'qualitative',80),(356,'¿Su recurso patrimonial cuenta o participa en algún plan o estrategia para la contratación de servicios y proveedores que cumplan criterios sostenibles? (En caso afirmativo, indique específicamente cuál, la fase en la que se encuentra (en elaboración o vigente) y su vigencia temporal)',NULL,NULL,'qualitative',80),(357,'N.º de servicios externos contratados',NULL,NULL,'quantitative',80),(358,'Proporción de productos y proveedores locales',NULL,NULL,'quantitative',80),(359,'Proporción o nº de proveedores sostenibles',NULL,NULL,'quantitative',80),(360,'¿Su recurso patrimonial cuenta o participa en algún plan o estrategia de gestión de residuos que favorezca la recogida selectiva y la posterior administración controlada de residuos? (En caso afirmativo, indique específicamente cuál, la fase en la que se encuentra (en elaboración o vigente) y su vigencia temporal)',NULL,NULL,'qualitative',81),(361,'Proporción de residuos reciclados',NULL,NULL,'quantitative',81),(362,'¿Su recurso patrimonial cuenta o participa en algún plan o estrategia de gestión sostenible del recurso hídrico? (En caso afirmativo, indique específicamente cuál, la fase en la que se encuentra (en elaboración o vigente) y su vigencia temporal)',NULL,NULL,'qualitative',82),(363,'¿Se dispone de infraestructuras para gestionar la recogida y aprovechamiento del agua? ¿En su recurso patrimonial existen pozos o aljibes de los cuales obtener agua de riego?',NULL,NULL,'qualitative',82),(364,'Consumo de agua en el recurso patrimonial durante el último año',NULL,NULL,'quantitative',82),(365,'Proporción de agua procedente de pozos o aljibes empleada en el riego de la vegetación o patios existentes en el recurso patrimonial',NULL,NULL,'quantitative',82),(366,'Proporción de riegos eficientes (para recursos patrimoniales culturales con grandes espacios ajardinados)',NULL,NULL,'quantitative',82),(367,'¿En su recurso patrimonial cuentan con elementos y mobiliario de bajo mantenimiento y largo rendimiento? ',NULL,NULL,'qualitative',83),(368,'¿En su recurso patrimonial reutilizan elementos en distintas actividades u ocasiones?',NULL,NULL,'qualitative',83),(369,'Proporción de materiales y elementos reutilizados en distintas actividades',NULL,NULL,'quantitative',83),(370,'¿Se disponen de medios y/o mecanismos de evaluación, control y prevención de riesgos para garantizar el cuidado y mantenimiento de las plantas? ',NULL,NULL,'qualitative',84),(371,'Cantidad de productos químicos -fertilizantes y fitosanitarios- empleados',NULL,NULL,'quantitative',84),(372,'¿En su recurso patrimonial existe algún plan o estrategia de eficiencia energética? (En caso afirmativo, indique específicamente cuál, la fase en la que se encuentra (en elaboración o vigente) y su vigencia temporal)',NULL,NULL,'qualitative',85),(373,'¿En su recurso patrimonial existe algún plan o estrategia de adaptación y/o mitigación del cambio climático? (En caso afirmativo, indique específicamente cuál, la fase en la que se encuentra (en elaboración o vigente) y su vigencia temporal)',NULL,NULL,'qualitative',85),(374,'Consumo de electricidad durante un año (facturas)',NULL,NULL,'quantitative',85),(375,'Proporción de energía procedente de autoconsumo',NULL,NULL,'quantitative',85),(376,'N.º de sistemas de acondicionamiento pasivo',NULL,NULL,'quantitative',85),(377,'¿Cuenta con algún plan o estrategia de accesibilidad e inclusión al recurso patrimonial? (En caso afirmativo, indique específicamente cuál, la fase en la que se encuentra (en elaboración o vigente) y su vigencia temporal)',NULL,NULL,'qualitative',86),(378,'¿Existe información para personas en situación de discapacidad? (véanse tipos de discapacidad)',NULL,NULL,'qualitative',86),(379,'¿Existen señales adaptadas a personas en situación de discapacidad? (véanse tipos de discapacidad)',NULL,NULL,'qualitative',86),(380,'¿Existen tasas reducidas para usuarios de distintos colectivos? (riesgo de exclusión social, 3ª edad, estudiantes…)',NULL,NULL,'qualitative',86),(381,'Proporción de superficie accesible a personas con discapacidad',NULL,NULL,'quantitative',86),(382,'Proporción de equipamiento y mobiliario adaptado',NULL,NULL,'quantitative',86),(383,'Grado de satisfacción de visitantes (encuestas)',NULL,NULL,'quantitative',86),(384,'¿Su recurso patrimonial cuenta con algún plan o estrategia relativa a la conservación, protección y/o salvaguarda del patrimonio? (En caso afirmativo, indique específicamente cuál, la fase en la que se encuentra (en elaboración o vigente) y su vigencia temporal) ',NULL,NULL,'qualitative',87),(385,'¿En su recurso patrimonial se llevan a cabo actuaciones de conservación preventiva?',NULL,NULL,'qualitative',87),(386,'¿En su recurso patrimonial se llevan a cabo actuaciones concretas sobre elementos patrimoniales para su conservación?',NULL,NULL,'qualitative',87),(387,'N.º de actividades dedicadas a la conservación, protección y salvaguarda del recurso patrimonial',NULL,NULL,'quantitative',87),(388,'N.º de actuaciones dedicadas a la conservación, protección y salvaguarda del recurso patrimonial',NULL,NULL,'quantitative',87),(389,'¿Cuenta o participa en algún plan o estrategia que fomente el empleo en el recurso patrimonial? En caso afirmativo, indique cuál o cuáles y una breve descripción',NULL,NULL,'qualitative',88),(390,'¿Su recurso patrimonial cuenta con algún plan de conciliación familiar?',NULL,NULL,'qualitative',88),(391,'¿En su recurso patrimonial cuentan con algún plan o estrategia de gestión económica sostenible? (En caso afirmativo, indique específicamente cuál, la fase en la que se encuentra (en elaboración o vigente) y su vigencia temporal)',NULL,NULL,'qualitative',89),(392,'¿Existen mecanismos de seguimiento y control de gastos e ingresos? ',NULL,NULL,'qualitative',89),(393,'Porcentaje anual de ingresos sobre gastos',NULL,NULL,'quantitative',89),(394,'Porcentaje de gasto corriente destinado a cada asunto relevante',NULL,NULL,'quantitative',89),(395,'Porcentaje de gasto anual procedente de financiación externa',NULL,NULL,'quantitative',89),(396,'¿Existe alguna estrategia en su recurso patrimonial que ayude a minimizar el impacto negativo del turismo en el entorno y así hacerlo más sostenible?',NULL,NULL,'qualitative',90),(397,'N.º de estrategias o actuaciones vinculadas a fomentar el turismo sostenible ',NULL,NULL,'quantitative',90),(398,'Capacidad de carga en el recurso patrimonial',NULL,NULL,'quantitative',90),(399,'N.º de visitantes a lo largo del año teniendo en cuenta la temporalidad',NULL,NULL,'quantitative',90),(400,'Grado de satisfacción de la población local respecto al turismo (encuestas)',NULL,NULL,'quantitative',90),(401,'Índice de paridad de género en la estructura organizativa',NULL,NULL,'quantitative',91),(402,'¿Existe algún plan o estrategia que favorezca la igualdad de oportunidades en su recurso patrimonial? (En caso afirmativo, indique específicamente cuál, la fase en la que se encuentra (en elaboración o vigente) y su vigencia temporal)',NULL,NULL,'qualitative',91),(403,'Proporción de personas en riesgo de pobreza y exclusión (ERPE) que regularmente prestan servicio',NULL,NULL,'quantitative',91),(404,'Proporción de personas con una discapacidad igual o superior al 33% que regularmente prestan servicio',NULL,NULL,'quantitative',91),(405,'¿Su recurso patrimonial cuenta con algún plan para obtener inversión y financiación alternativa? (En caso afirmativo, indique específicamente cuál, la fase en la que se encuentra (en elaboración o vigente) y su vigencia temporal)',NULL,NULL,'qualitative',92),(406,'¿Existe financiación pública y/o privada que permita el mantenimiento de su recurso? En caso afirmativo, indique cuál. ',NULL,NULL,'qualitative',92),(407,'Proporción de gasto de inversiones',NULL,NULL,'quantitative',92),(408,'Proporción de gasto corriente en un año',NULL,NULL,'quantitative',92),(409,'Proporción de presupuesto anual procedente de financiación externa',NULL,NULL,'quantitative',92),(410,'¿Dispone de algún plan para la incorporación de nuevas tecnologías al servicio de su recurso patrimonial? (En caso afirmativo, indique específicamente cuál, la fase en la que se encuentra (en elaboración o vigente) y su vigencia temporal y breve descripción)',NULL,NULL,'qualitative',93),(411,'¿Se fomenta el empleo de recursos digitales para su gestión, así como para las personas usuarias?',NULL,NULL,'qualitative',93),(412,'N.º de recursos tecnológicos empleados en la gestión del recurso patrimonial (gestión informática de visitantes, publicación en redes sociales, página web, etc.)',NULL,NULL,'quantitative',93),(413,'Porcentaje de archivo digitalizado',NULL,NULL,'quantitative',93),(414,'Porcentaje de patrimonio digitalizado (vistas 360º, levantamientos, recreaciones virtuales, etc.)',NULL,NULL,'quantitative',93),(415,'¿Su recurso patrimonial cuenta con alguna estrategia que favorezca la vinculación con la comunidad? (En caso afirmativo, indique específicamente cuál, la fase en la que se encuentra (en elaboración o vigente) y su vigencia temporal)',NULL,NULL,'qualitative',94),(416,'¿Su recurso patrimonial cuenta con algún plan que vele por la seguridad y salud de las personas usuarias? (En caso afirmativo, indique específicamente cuál, la fase en la que se encuentra (en elaboración o vigente) y su vigencia temporal)',NULL,NULL,'qualitative',94),(417,'¿En su recurso patrimonial existe un plan para mejora de la experiencia de las personas usuarias?',NULL,NULL,'qualitative',94),(418,'N.º de actividades llevadas a cabo con la comunidad local ',NULL,NULL,'quantitative',94),(419,'Proporción de visitantes locales respecto a las totales',NULL,NULL,'quantitative',94),(420,'¿Su recurso patrimonial cuenta con un código de buenas prácticas o instrumento similar para su gestión? (En caso afirmativo, adjunte el mismo como anexo)',NULL,NULL,'qualitative',95),(421,'¿Cuenta con un plan de información o comunicación sobre el estado y la gestión del recurso patrimonial? (En caso afirmativo, indique específicamente cuál, la fase en la que se encuentra (en elaboración o vigente) y su vigencia temporal)',NULL,NULL,'qualitative',95),(422,'¿Se publican memorias de sostenibilidad o progreso? (En caso afirmativo, indique específicamente cuál, la fase en la que se encuentra (en elaboración o vigente) y su vigencia temporal) ',NULL,NULL,'qualitative',95),(423,'¿Existe transparencia en las tomas de decisiones acerca de la gestión del recurso patrimonial?',NULL,NULL,'qualitative',95),(424,'¿Existe algún plan que fomente la participación ciudadana en la toma de decisiones de su recurso patrimonial? (En caso afirmativo, indique específicamente cuál, la fase en la que se encuentra (en elaboración o vigente) y su vigencia temporal)',NULL,NULL,'qualitative',96),(425,'¿Cuenta con algún plan o estrategia de formación de voluntariado en su recurso patrimonial? (En caso afirmativo, indique específicamente cuál, la fase en la que se encuentra (en elaboración o vigente) y su vigencia temporal)',NULL,NULL,'qualitative',96),(426,'¿Cuenta con algún plan o estrategia de integración de personas mayores en voluntariado o metodologías participativas en su recurso patrimonial? (En caso afirmativo, indique específicamente cuál, la fase en la que se encuentra (en elaboración o vigente) y su vigencia temporal)',NULL,NULL,'qualitative',96),(427,'N.º de procesos y eventos participativos realizados en el último año',NULL,NULL,'quantitative',96),(428,'N.º de actividades o trabajos realizados por petición de los grupos de interés',NULL,NULL,'quantitative',96),(429,'N.º de personas activas en labores de voluntariado',NULL,NULL,'quantitative',96),(430,'¿Cuenta o participa en alianzas o colaboraciones con otras entidades o servicios públicos a fin de mejorar la gestión sostenible de su recurso patrimonial? (En caso afirmativo, indique específicamente cuál, la fase en la que se encuentra (en elaboración o vigente) y su vigencia temporal)',NULL,NULL,'qualitative',97),(431,'¿Cuenta o participa en alianzas o colaboraciones con otras entidades privadas a fin de mejorar la gestión sostenible?',NULL,NULL,'qualitative',97),(432,'N.º de convenios o acciones de colaboración con entidades tanto públicas como privadas',NULL,NULL,'quantitative',97),(433,'N.º de instituciones o entidades con las que colabora el recurso patrimonial',NULL,NULL,'quantitative',97),(434,'abc','a','a','quantitative',102),(435,'cvbcvb','bbbb','bbbb','quantitative',104),(436,'Indicador que cambiará','UNOS','OTROS','qualitative',104),(437,'dsf','f','sdfasdf','quantitative',106),(438,'¿Su recurso tiene o participa en algún plan o estrategia de divulgación y educación en sostenibilidad basada en el patrimonio cultural? (En caso afirmativo, indique cuál o cuáles y una breve descripción [nombre, objetivos, temporalidad…])',NULL,NULL,'qualitative',107),(439,'¿Su recurso cuenta con algún reconocimiento, mención o premio? (En caso afirmativo, indique cuál o cuáles.)',NULL,NULL,'qualitative',107),(440,'¿Se llevan a cabo acciones para innovar y actualizar los contenidos en el recurso patrimonial? ',NULL,NULL,'qualitative',107),(441,'¿Dispone de redes sociales u otros canales similares de información y difusión?',NULL,NULL,'qualitative',107),(442,'N.º de actividades de divulgación y educación realizadas en el último año',NULL,NULL,'quantitative',107),(443,'N.º de canales de divulgación que posee el recurso patrimonial',NULL,NULL,'quantitative',107),(444,'N.º de personas que han asistido a las actividades realizadas en el último año',NULL,NULL,'quantitative',107),(445,'N.º de publicaciones presentadas en el último año',NULL,NULL,'quantitative',107),(446,'N.º de publicaciones mensuales en redes sociales y canales de divulgación',NULL,NULL,'quantitative',107),(447,'N.º de visitas anuales al recurso patrimonial. ',NULL,NULL,'quantitative',107),(448,'Tasa de participación en las actividades realizadas según las plazas ofertadas',NULL,NULL,'quantitative',107),(449,'¿Su recurso patrimonial cuenta con algún plan o estrategia de formación? En caso afirmativo, indique específicamente cuál, la fase en la que se encuentra (en elaboración o vigente) y su vigencia temporal',NULL,NULL,'qualitative',108),(450,'¿Se llevan a cabo actividades de formación para las personas que forman la plantilla del recurso patrimonial?',NULL,NULL,'qualitative',108),(451,'¿Se llevan a cabo actividades de formación para personas ajenas al recurso patrimonial?',NULL,NULL,'qualitative',108),(452,'N.º de actividades de formación realizadas en el último año',NULL,NULL,'quantitative',108),(453,'Tasa de participación en las actividades realizadas según las plazas ofertadas',NULL,NULL,'quantitative',108),(454,'N.º de personas que han asistido a las actividades de formación realizadas en el último año',NULL,NULL,'quantitative',108),(455,'¿Cuenta o participa en algún plan o estrategia de evaluación, control o mejora de la salud pública y confort de los usuarios de su recurso patrimonial? (En caso afirmativo, indique específicamente cuál, la fase en la que se encuentra (en elaboración o vigente) y su vigencia temporal',NULL,NULL,'qualitative',109),(456,'¿En su recurso patrimonial existen elementos que mejoran el bienestar y confort del usuario?',NULL,NULL,'qualitative',109),(457,'Capacidad de amortiguación del ruido en el interior del recurso patrimonial',NULL,NULL,'quantitative',109),(458,'N.º de elementos que ayudan al confort de la persona usuaria (vegetación, agua, calidad del aire, iluminación…)',NULL,NULL,'quantitative',109),(459,'Temperatura media en verano en el recurso patrimonial cultural',NULL,NULL,'quantitative',109),(460,'Temperatura media en invierno en el recurso patrimonial cultural',NULL,NULL,'quantitative',109),(461,'Humedad media en verano en el recurso patrimonial cultural',NULL,NULL,'quantitative',109),(462,'Humedad media en invernio en el recurso patrimonial cultural',NULL,NULL,'quantitative',109),(463,'Índice de presencia de alérgenos (solo en caso de recursos patrimoniales culturales con jardines)',NULL,NULL,'qualitative',109),(464,'¿Existe variedad de especies vegetales en su recurso patrimonial? ¿Cuenta con alguna estrategia que contribuya a su mantenimiento y enriquecimiento?',NULL,NULL,'qualitative',110),(465,'N.º de especies vegetales diferentes existentes en el recurso patrimonial',NULL,NULL,'quantitative',110),(466,'¿El recurso patrimonial necesita y hace uso de servicios externos? ',NULL,NULL,'qualitative',111),(467,'¿Su recurso patrimonial cuenta o participa en algún plan o estrategia para la contratación de servicios y proveedores que cumplan criterios sostenibles? (En caso afirmativo, indique específicamente cuál, la fase en la que se encuentra (en elaboración o vigente) y su vigencia temporal)',NULL,NULL,'qualitative',111),(468,'N.º de servicios externos contratados',NULL,NULL,'quantitative',111),(469,'Proporción de productos y proveedores locales',NULL,NULL,'quantitative',111),(470,'Proporción o nº de proveedores sostenibles',NULL,NULL,'quantitative',111),(471,'¿Su recurso patrimonial cuenta o participa en algún plan o estrategia de gestión de residuos que favorezca la recogida selectiva y la posterior administración controlada de residuos? (En caso afirmativo, indique específicamente cuál, la fase en la que se encuentra (en elaboración o vigente) y su vigencia temporal)',NULL,NULL,'qualitative',112),(472,'Proporción de residuos reciclados',NULL,NULL,'quantitative',112),(473,'¿Su recurso patrimonial cuenta o participa en algún plan o estrategia de gestión sostenible del recurso hídrico? (En caso afirmativo, indique específicamente cuál, la fase en la que se encuentra (en elaboración o vigente) y su vigencia temporal)',NULL,NULL,'qualitative',113),(474,'¿Se dispone de infraestructuras para gestionar la recogida y aprovechamiento del agua? ¿En su recurso patrimonial existen pozos o aljibes de los cuales obtener agua de riego?',NULL,NULL,'qualitative',113),(475,'Consumo de agua en el recurso patrimonial durante el último año',NULL,NULL,'quantitative',113),(476,'Proporción de agua procedente de pozos o aljibes empleada en el riego de la vegetación o patios existentes en el recurso patrimonial',NULL,NULL,'quantitative',113),(477,'Proporción de riegos eficientes (para recursos patrimoniales culturales con grandes espacios ajardinados)',NULL,NULL,'quantitative',113),(478,'¿En su recurso patrimonial cuentan con elementos y mobiliario de bajo mantenimiento y largo rendimiento? ',NULL,NULL,'qualitative',114),(479,'¿En su recurso patrimonial reutilizan elementos en distintas actividades u ocasiones?',NULL,NULL,'qualitative',114),(480,'Proporción de materiales y elementos reutilizados en distintas actividades',NULL,NULL,'quantitative',114),(481,'¿Se disponen de medios y/o mecanismos de evaluación, control y prevención de riesgos para garantizar el cuidado y mantenimiento de las plantas? ',NULL,NULL,'qualitative',115),(482,'Cantidad de productos químicos -fertilizantes y fitosanitarios- empleados',NULL,NULL,'quantitative',115),(483,'¿En su recurso patrimonial existe algún plan o estrategia de eficiencia energética? (En caso afirmativo, indique específicamente cuál, la fase en la que se encuentra (en elaboración o vigente) y su vigencia temporal)',NULL,NULL,'qualitative',116),(484,'¿En su recurso patrimonial existe algún plan o estrategia de adaptación y/o mitigación del cambio climático? (En caso afirmativo, indique específicamente cuál, la fase en la que se encuentra (en elaboración o vigente) y su vigencia temporal)',NULL,NULL,'qualitative',116),(485,'Consumo de electricidad durante un año (facturas)',NULL,NULL,'quantitative',116),(486,'Proporción de energía procedente de autoconsumo',NULL,NULL,'quantitative',116),(487,'N.º de sistemas de acondicionamiento pasivo',NULL,NULL,'quantitative',116),(488,'¿Cuenta con algún plan o estrategia de accesibilidad e inclusión al recurso patrimonial? (En caso afirmativo, indique específicamente cuál, la fase en la que se encuentra (en elaboración o vigente) y su vigencia temporal)',NULL,NULL,'qualitative',117),(489,'¿Existe información para personas en situación de discapacidad? (véanse tipos de discapacidad)',NULL,NULL,'qualitative',117),(490,'¿Existen señales adaptadas a personas en situación de discapacidad? (véanse tipos de discapacidad)',NULL,NULL,'qualitative',117),(491,'¿Existen tasas reducidas para usuarios de distintos colectivos? (riesgo de exclusión social, 3ª edad, estudiantes…)',NULL,NULL,'qualitative',117),(492,'Proporción de superficie accesible a personas con discapacidad',NULL,NULL,'quantitative',117),(493,'Proporción de equipamiento y mobiliario adaptado',NULL,NULL,'quantitative',117),(494,'Grado de satisfacción de visitantes (encuestas)',NULL,NULL,'quantitative',117),(495,'¿Su recurso patrimonial cuenta con algún plan o estrategia relativa a la conservación, protección y/o salvaguarda del patrimonio? (En caso afirmativo, indique específicamente cuál, la fase en la que se encuentra (en elaboración o vigente) y su vigencia temporal) ',NULL,NULL,'qualitative',118),(496,'¿En su recurso patrimonial se llevan a cabo actuaciones de conservación preventiva?',NULL,NULL,'qualitative',118),(497,'¿En su recurso patrimonial se llevan a cabo actuaciones concretas sobre elementos patrimoniales para su conservación?',NULL,NULL,'qualitative',118),(498,'N.º de actividades dedicadas a la conservación, protección y salvaguarda del recurso patrimonial',NULL,NULL,'quantitative',118),(499,'N.º de actuaciones dedicadas a la conservación, protección y salvaguarda del recurso patrimonial',NULL,NULL,'quantitative',118),(500,'¿Cuenta o participa en algún plan o estrategia que fomente el empleo en el recurso patrimonial? En caso afirmativo, indique cuál o cuáles y una breve descripción',NULL,NULL,'qualitative',119),(501,'¿Su recurso patrimonial cuenta con algún plan de conciliación familiar?',NULL,NULL,'qualitative',119),(502,'¿En su recurso patrimonial cuentan con algún plan o estrategia de gestión económica sostenible? (En caso afirmativo, indique específicamente cuál, la fase en la que se encuentra (en elaboración o vigente) y su vigencia temporal)',NULL,NULL,'qualitative',120),(503,'¿Existen mecanismos de seguimiento y control de gastos e ingresos? ',NULL,NULL,'qualitative',120),(504,'Porcentaje anual de ingresos sobre gastos',NULL,NULL,'quantitative',120),(505,'Porcentaje de gasto corriente destinado a cada asunto relevante',NULL,NULL,'quantitative',120),(506,'Porcentaje de gasto anual procedente de financiación externa',NULL,NULL,'quantitative',120),(507,'¿Existe alguna estrategia en su recurso patrimonial que ayude a minimizar el impacto negativo del turismo en el entorno y así hacerlo más sostenible?',NULL,NULL,'qualitative',121),(508,'N.º de estrategias o actuaciones vinculadas a fomentar el turismo sostenible ',NULL,NULL,'quantitative',121),(509,'Capacidad de carga en el recurso patrimonial',NULL,NULL,'quantitative',121),(510,'N.º de visitantes a lo largo del año teniendo en cuenta la temporalidad',NULL,NULL,'quantitative',121),(511,'Grado de satisfacción de la población local respecto al turismo (encuestas)',NULL,NULL,'quantitative',121),(512,'Índice de paridad de género en la estructura organizativa',NULL,NULL,'quantitative',122),(513,'¿Existe algún plan o estrategia que favorezca la igualdad de oportunidades en su recurso patrimonial? (En caso afirmativo, indique específicamente cuál, la fase en la que se encuentra (en elaboración o vigente) y su vigencia temporal)',NULL,NULL,'qualitative',122),(514,'Proporción de personas en riesgo de pobreza y exclusión (ERPE) que regularmente prestan servicio',NULL,NULL,'quantitative',122),(515,'Proporción de personas con una discapacidad igual o superior al 33% que regularmente prestan servicio',NULL,NULL,'quantitative',122),(516,'¿Su recurso patrimonial cuenta con algún plan para obtener inversión y financiación alternativa? (En caso afirmativo, indique específicamente cuál, la fase en la que se encuentra (en elaboración o vigente) y su vigencia temporal)',NULL,NULL,'qualitative',123),(517,'¿Existe financiación pública y/o privada que permita el mantenimiento de su recurso? En caso afirmativo, indique cuál. ',NULL,NULL,'qualitative',123),(518,'Proporción de gasto de inversiones',NULL,NULL,'quantitative',123),(519,'Proporción de gasto corriente en un año',NULL,NULL,'quantitative',123),(520,'Proporción de presupuesto anual procedente de financiación externa',NULL,NULL,'quantitative',123),(521,'¿Dispone de algún plan para la incorporación de nuevas tecnologías al servicio de su recurso patrimonial? (En caso afirmativo, indique específicamente cuál, la fase en la que se encuentra (en elaboración o vigente) y su vigencia temporal y breve descripción)',NULL,NULL,'qualitative',124),(522,'¿Se fomenta el empleo de recursos digitales para su gestión, así como para las personas usuarias?',NULL,NULL,'qualitative',124),(523,'N.º de recursos tecnológicos empleados en la gestión del recurso patrimonial (gestión informática de visitantes, publicación en redes sociales, página web, etc.)',NULL,NULL,'quantitative',124),(524,'Porcentaje de archivo digitalizado',NULL,NULL,'quantitative',124),(525,'Porcentaje de patrimonio digitalizado (vistas 360º, levantamientos, recreaciones virtuales, etc.)',NULL,NULL,'quantitative',124),(526,'¿Su recurso patrimonial cuenta con alguna estrategia que favorezca la vinculación con la comunidad? (En caso afirmativo, indique específicamente cuál, la fase en la que se encuentra (en elaboración o vigente) y su vigencia temporal)',NULL,NULL,'qualitative',125),(527,'¿Su recurso patrimonial cuenta con algún plan que vele por la seguridad y salud de las personas usuarias? (En caso afirmativo, indique específicamente cuál, la fase en la que se encuentra (en elaboración o vigente) y su vigencia temporal)',NULL,NULL,'qualitative',125),(528,'¿En su recurso patrimonial existe un plan para mejora de la experiencia de las personas usuarias?',NULL,NULL,'qualitative',125),(529,'N.º de actividades llevadas a cabo con la comunidad local ',NULL,NULL,'quantitative',125),(530,'Proporción de visitantes locales respecto a las totales',NULL,NULL,'quantitative',125),(531,'¿Su recurso patrimonial cuenta con un código de buenas prácticas o instrumento similar para su gestión? (En caso afirmativo, adjunte el mismo como anexo)',NULL,NULL,'qualitative',126),(532,'¿Cuenta con un plan de información o comunicación sobre el estado y la gestión del recurso patrimonial? (En caso afirmativo, indique específicamente cuál, la fase en la que se encuentra (en elaboración o vigente) y su vigencia temporal)',NULL,NULL,'qualitative',126),(533,'¿Se publican memorias de sostenibilidad o progreso? (En caso afirmativo, indique específicamente cuál, la fase en la que se encuentra (en elaboración o vigente) y su vigencia temporal) ',NULL,NULL,'qualitative',126),(534,'¿Existe transparencia en las tomas de decisiones acerca de la gestión del recurso patrimonial?',NULL,NULL,'qualitative',126),(535,'¿Existe algún plan que fomente la participación ciudadana en la toma de decisiones de su recurso patrimonial? (En caso afirmativo, indique específicamente cuál, la fase en la que se encuentra (en elaboración o vigente) y su vigencia temporal)',NULL,NULL,'qualitative',127),(536,'¿Cuenta con algún plan o estrategia de formación de voluntariado en su recurso patrimonial? (En caso afirmativo, indique específicamente cuál, la fase en la que se encuentra (en elaboración o vigente) y su vigencia temporal)',NULL,NULL,'qualitative',127),(537,'¿Cuenta con algún plan o estrategia de integración de personas mayores en voluntariado o metodologías participativas en su recurso patrimonial? (En caso afirmativo, indique específicamente cuál, la fase en la que se encuentra (en elaboración o vigente) y su vigencia temporal)',NULL,NULL,'qualitative',127),(538,'N.º de procesos y eventos participativos realizados en el último año',NULL,NULL,'quantitative',127),(539,'N.º de actividades o trabajos realizados por petición de los grupos de interés',NULL,NULL,'quantitative',127),(540,'N.º de personas activas en labores de voluntariado',NULL,NULL,'quantitative',127),(541,'¿Cuenta o participa en alianzas o colaboraciones con otras entidades o servicios públicos a fin de mejorar la gestión sostenible de su recurso patrimonial? (En caso afirmativo, indique específicamente cuál, la fase en la que se encuentra (en elaboración o vigente) y su vigencia temporal)',NULL,NULL,'qualitative',128),(542,'¿Cuenta o participa en alianzas o colaboraciones con otras entidades privadas a fin de mejorar la gestión sostenible?',NULL,NULL,'qualitative',128),(543,'N.º de convenios o acciones de colaboración con entidades tanto públicas como privadas',NULL,NULL,'quantitative',128),(544,'N.º de instituciones o entidades con las que colabora el recurso patrimonial',NULL,NULL,'quantitative',128);
/*!40000 ALTER TABLE `performance_indicators` ENABLE KEYS */;
UNLOCK TABLES;

--
-- Table structure for table `performance_indicators_qualitative`
--

DROP TABLE IF EXISTS `performance_indicators_qualitative`;
/*!40101 SET @saved_cs_client     = @@character_set_client */;
/*!50503 SET character_set_client = utf8mb4 */;
CREATE TABLE `performance_indicators_qualitative` (
  `performance_indicator_id` int NOT NULL,
  `response` text NOT NULL,
  PRIMARY KEY (`performance_indicator_id`),
  CONSTRAINT `performance_indicators_qualitative_ibfk_1` FOREIGN KEY (`performance_indicator_id`) REFERENCES `performance_indicators` (`id`) ON DELETE CASCADE ON UPDATE CASCADE
) ENGINE=InnoDB DEFAULT CHARSET=utf8mb4 COLLATE=utf8mb4_0900_ai_ci;
/*!40101 SET character_set_client = @saved_cs_client */;

--
-- Dumping data for table `performance_indicators_qualitative`
--

LOCK TABLES `performance_indicators_qualitative` WRITE;
/*!40000 ALTER TABLE `performance_indicators_qualitative` DISABLE KEYS */;
INSERT INTO `performance_indicators_qualitative` VALUES (3,''),(6,'Respuesta cualitativa'),(7,'Respuesta cualitativa'),(8,'Respuesta cualitativa'),(9,'Respuesta cualitativa'),(17,'Respuesta cualitativa'),(18,'Respuesta cualitativa'),(19,'Respuesta cualitativa'),(23,'Respuesta cualitativa'),(24,'Respuesta cualitativa'),(31,'Respuesta cualitativa'),(32,'Respuesta cualitativa'),(34,'Respuesta cualitativa'),(35,'Respuesta cualitativa'),(39,'Respuesta cualitativa'),(41,'Respuesta cualitativa'),(42,'Respuesta cualitativa'),(46,'Respuesta cualitativa'),(47,'Respuesta cualitativa'),(49,'Respuesta cualitativa'),(51,'Respuesta cualitativa'),(52,'Respuesta cualitativa'),(56,'Respuesta cualitativa'),(57,'Respuesta cualitativa'),(58,'Respuesta cualitativa'),(59,'Respuesta cualitativa'),(63,'Respuesta cualitativa'),(64,'Respuesta cualitativa'),(65,'Respuesta cualitativa'),(68,'Respuesta cualitativa'),(69,'Respuesta cualitativa'),(70,'Respuesta cualitativa'),(71,'Respuesta cualitativa'),(75,'Respuesta cualitativa'),(81,'Respuesta cualitativa'),(84,'Respuesta cualitativa'),(85,'Respuesta cualitativa'),(89,'Respuesta cualitativa'),(90,'Respuesta cualitativa'),(94,'Respuesta cualitativa'),(95,'Respuesta cualitativa'),(96,'Respuesta cualitativa'),(99,'Respuesta cualitativa'),(100,'Respuesta cualitativa'),(101,'Respuesta cualitativa'),(102,'Respuesta cualitativa'),(103,'Respuesta cualitativa'),(104,'Respuesta cualitativa'),(105,'Respuesta cualitativa'),(109,'Respuesta cualitativa'),(110,'Respuesta cualitativa'),(327,'Respuesta cualitativa'),(328,'Respuesta cualitativa'),(329,'Respuesta cualitativa'),(330,'Respuesta cualitativa'),(338,'Respuesta cualitativa'),(339,'Respuesta cualitativa'),(340,'Respuesta cualitativa'),(344,'Respuesta cualitativa'),(345,'Respuesta cualitativa'),(352,'Respuesta cualitativa'),(353,'Respuesta cualitativa'),(355,'Respuesta cualitativa'),(356,'Respuesta cualitativa'),(360,'Respuesta cualitativa'),(362,'Respuesta cualitativa'),(363,'Respuesta cualitativa'),(367,'Respuesta cualitativa'),(368,'Respuesta cualitativa'),(370,'Respuesta cualitativa'),(372,'Respuesta cualitativa'),(373,'Respuesta cualitativa'),(377,'Respuesta cualitativa'),(378,'Respuesta cualitativa'),(379,'Respuesta cualitativa'),(380,'Respuesta cualitativa'),(384,'Respuesta cualitativa'),(385,'Respuesta cualitativa'),(386,'Respuesta cualitativa'),(389,'Respuesta cualitativa'),(390,'Respuesta cualitativa'),(391,'Respuesta cualitativa'),(392,'Respuesta cualitativa'),(396,'Respuesta cualitativa'),(402,'Respuesta cualitativa'),(405,'Respuesta cualitativa'),(406,'Respuesta cualitativa'),(410,'Respuesta cualitativa'),(411,'Respuesta cualitativa'),(415,'Respuesta cualitativa'),(416,'Respuesta cualitativa'),(417,'Respuesta cualitativa'),(420,'Respuesta cualitativa'),(421,'Respuesta cualitativa'),(422,'Respuesta cualitativa'),(423,'Respuesta cualitativa'),(424,'Respuesta cualitativa'),(425,'Respuesta cualitativa'),(426,'Respuesta cualitativa'),(430,'Respuesta cualitativa'),(431,'Respuesta cualitativa'),(436,''),(438,'Respuesta cualitativa'),(439,'Respuesta cualitativa'),(440,'Respuesta cualitativa'),(441,'Respuesta cualitativa'),(449,'Respuesta cualitativa'),(450,'Respuesta cualitativa'),(451,'Respuesta cualitativa'),(455,'Respuesta cualitativa'),(456,'Respuesta cualitativa'),(463,'Respuesta cualitativa'),(464,'Respuesta cualitativa'),(466,'Respuesta cualitativa'),(467,'Respuesta cualitativa'),(471,'Respuesta cualitativa'),(473,'Respuesta cualitativa'),(474,'Respuesta cualitativa'),(478,'Respuesta cualitativa'),(479,'Respuesta cualitativa'),(481,'Respuesta cualitativa'),(483,'Respuesta cualitativa'),(484,'Respuesta cualitativa'),(488,'Respuesta cualitativa'),(489,'Respuesta cualitativa'),(490,'Respuesta cualitativa'),(491,'Respuesta cualitativa'),(495,'Respuesta cualitativa'),(496,'Respuesta cualitativa'),(497,'Respuesta cualitativa'),(500,'Respuesta cualitativa'),(501,'Respuesta cualitativa'),(502,'Respuesta cualitativa'),(503,'Respuesta cualitativa'),(507,'Respuesta cualitativa'),(513,'Respuesta cualitativa'),(516,'Respuesta cualitativa'),(517,'Respuesta cualitativa'),(521,'Respuesta cualitativa'),(522,'Respuesta cualitativa'),(526,'Respuesta cualitativa'),(527,'Respuesta cualitativa'),(528,'Respuesta cualitativa'),(531,'Respuesta cualitativa'),(532,'Respuesta cualitativa'),(533,'Respuesta cualitativa'),(534,'Respuesta cualitativa'),(535,'Respuesta cualitativa'),(536,'Respuesta cualitativa'),(537,'Respuesta cualitativa'),(541,'Respuesta cualitativa'),(542,'Respuesta cualitativa');
/*!40000 ALTER TABLE `performance_indicators_qualitative` ENABLE KEYS */;
UNLOCK TABLES;

--
-- Table structure for table `performance_indicators_quantitative`
--

DROP TABLE IF EXISTS `performance_indicators_quantitative`;
/*!40101 SET @saved_cs_client     = @@character_set_client */;
/*!50503 SET character_set_client = utf8mb4 */;
CREATE TABLE `performance_indicators_quantitative` (
  `performance_indicator_id` int NOT NULL,
  `numeric_response` decimal(10,2) NOT NULL,
  `unit` varchar(100) NOT NULL,
  PRIMARY KEY (`performance_indicator_id`),
  CONSTRAINT `performance_indicators_quantitative_ibfk_1` FOREIGN KEY (`performance_indicator_id`) REFERENCES `performance_indicators` (`id`) ON DELETE CASCADE ON UPDATE CASCADE
) ENGINE=InnoDB DEFAULT CHARSET=utf8mb4 COLLATE=utf8mb4_0900_ai_ci;
/*!40101 SET character_set_client = @saved_cs_client */;

--
-- Dumping data for table `performance_indicators_quantitative`
--

LOCK TABLES `performance_indicators_quantitative` WRITE;
/*!40000 ALTER TABLE `performance_indicators_quantitative` DISABLE KEYS */;
INSERT INTO `performance_indicators_quantitative` VALUES (10,0.00,'actividades de divulgación'),(11,0.00,'actividades de divulgación'),(12,0.00,'actividades de divulgación'),(13,0.00,'actividades de divulgación'),(14,0.00,'actividades de divulgación'),(15,0.00,'actividades de divulgación'),(16,0.00,'actividades de divulgación'),(20,0.00,'actividades'),(21,0.00,'actividades'),(22,0.00,'actividades'),(25,0.00,'unidad a definir'),(26,0.00,'unidad a definir'),(27,0.00,'unidad a definir'),(28,0.00,'unidad a definir'),(29,0.00,'unidad a definir'),(30,0.00,'unidad a definir'),(33,0.00,'especies '),(36,0.00,'servicios'),(37,0.00,'servicios'),(38,0.00,'servicios'),(40,0.00,'%'),(43,0.00,''),(44,0.00,''),(45,0.00,''),(48,0.00,'%'),(50,0.00,''),(53,0.00,''),(54,0.00,''),(55,0.00,''),(60,0.00,'%'),(61,0.00,'%'),(62,0.00,'%'),(66,0.00,'actividades'),(67,0.00,'actividades'),(72,0.00,'%'),(73,0.00,'%'),(74,0.00,'%'),(76,0.00,'estrategias'),(77,0.00,'estrategias'),(78,0.00,'estrategias'),(79,0.00,'estrategias'),(80,0.00,'%'),(82,0.00,'%'),(83,0.00,'%'),(86,0.00,'%'),(87,0.00,'%'),(88,0.00,'%'),(91,0.00,'recursos'),(92,0.00,'recursos'),(93,0.00,'recursos'),(97,0.00,'actividades'),(98,0.00,'actividades'),(106,0.00,'procesos y eventos'),(107,0.00,'procesos y eventos'),(108,0.00,'procesos y eventos'),(111,0.00,'convenios o acciones'),(112,0.00,'convenios o acciones'),(331,0.00,'actividades de divulgación'),(332,0.00,'actividades de divulgación'),(333,0.00,'actividades de divulgación'),(334,0.00,'actividades de divulgación'),(335,0.00,'actividades de divulgación'),(336,0.00,'actividades de divulgación'),(337,0.00,'actividades de divulgación'),(341,0.00,'actividades'),(342,0.00,'actividades'),(343,0.00,'actividades'),(346,0.00,'unidad a definir'),(347,0.00,'unidad a definir'),(348,0.00,'unidad a definir'),(349,0.00,'unidad a definir'),(350,0.00,'unidad a definir'),(351,0.00,'unidad a definir'),(354,0.00,'especies '),(357,0.00,'servicios'),(358,0.00,'servicios'),(359,0.00,'servicios'),(361,0.00,'%'),(364,0.00,''),(365,0.00,''),(366,0.00,''),(369,0.00,'%'),(371,0.00,''),(374,0.00,''),(375,0.00,''),(376,0.00,''),(381,0.00,'%'),(382,0.00,'%'),(383,0.00,'%'),(387,0.00,'actividades'),(388,0.00,'actividades'),(393,0.00,'%'),(394,0.00,'%'),(395,0.00,'%'),(397,0.00,'estrategias'),(398,0.00,'estrategias'),(399,0.00,'estrategias'),(400,0.00,'estrategias'),(401,0.00,'%'),(403,0.00,'%'),(404,0.00,'%'),(407,0.00,'%'),(408,0.00,'%'),(409,0.00,'%'),(412,0.00,'recursos'),(413,0.00,'recursos'),(414,0.00,'recursos'),(418,0.00,'actividades'),(419,0.00,'actividades'),(427,0.00,'procesos y eventos'),(428,0.00,'procesos y eventos'),(429,0.00,'procesos y eventos'),(432,0.00,'convenios o acciones'),(433,0.00,'convenios o acciones'),(442,0.00,'actividades de divulgación'),(443,0.00,'actividades de divulgación'),(444,0.00,'actividades de divulgación'),(445,0.00,'actividades de divulgación'),(446,0.00,'actividades de divulgación'),(447,0.00,'actividades de divulgación'),(448,0.00,'actividades de divulgación'),(452,0.00,'actividades'),(453,0.00,'actividades'),(454,0.00,'actividades'),(457,0.00,'unidad a definir'),(458,0.00,'unidad a definir'),(459,0.00,'unidad a definir'),(460,0.00,'unidad a definir'),(461,0.00,'unidad a definir'),(462,0.00,'unidad a definir'),(465,0.00,'especies '),(468,0.00,'servicios'),(469,0.00,'servicios'),(470,0.00,'servicios'),(472,0.00,'%'),(475,0.00,''),(476,0.00,''),(477,0.00,''),(480,0.00,'%'),(482,0.00,''),(485,0.00,''),(486,0.00,''),(487,0.00,''),(492,0.00,'%'),(493,0.00,'%'),(494,0.00,'%'),(498,0.00,'actividades'),(499,0.00,'actividades'),(504,0.00,'%'),(505,0.00,'%'),(506,0.00,'%'),(508,0.00,'estrategias'),(509,0.00,'estrategias'),(510,0.00,'estrategias'),(511,0.00,'estrategias'),(512,0.00,'%'),(514,0.00,'%'),(515,0.00,'%'),(518,0.00,'%'),(519,0.00,'%'),(520,0.00,'%'),(523,0.00,'recursos'),(524,0.00,'recursos'),(525,0.00,'recursos'),(529,0.00,'actividades'),(530,0.00,'actividades'),(538,0.00,'procesos y eventos'),(539,0.00,'procesos y eventos'),(540,0.00,'procesos y eventos'),(543,0.00,'convenios o acciones'),(544,0.00,'convenios o acciones');
/*!40000 ALTER TABLE `performance_indicators_quantitative` ENABLE KEYS */;
UNLOCK TABLES;

--
-- Table structure for table `report_agreements`
--

DROP TABLE IF EXISTS `report_agreements`;
/*!40101 SET @saved_cs_client     = @@character_set_client */;
/*!50503 SET character_set_client = utf8mb4 */;
CREATE TABLE `report_agreements` (
  `id` int NOT NULL AUTO_INCREMENT,
  `agreement` text NOT NULL,
  `report_id` int NOT NULL,
  PRIMARY KEY (`id`),
  KEY `report_id` (`report_id`),
  CONSTRAINT `report_agreements_ibfk_1` FOREIGN KEY (`report_id`) REFERENCES `sustainability_reports` (`id`) ON DELETE CASCADE ON UPDATE CASCADE
) ENGINE=InnoDB AUTO_INCREMENT=4 DEFAULT CHARSET=utf8mb4 COLLATE=utf8mb4_0900_ai_ci;
/*!40101 SET character_set_client = @saved_cs_client */;

--
-- Dumping data for table `report_agreements`
--

LOCK TABLES `report_agreements` WRITE;
/*!40000 ALTER TABLE `report_agreements` DISABLE KEYS */;
INSERT INTO `report_agreements` VALUES (1,'Cabildo catedral de cordoba',5),(2,'Cabildo catedral de cordoba',26),(3,'Ayuntamiento de Córdoba',31);
/*!40000 ALTER TABLE `report_agreements` ENABLE KEYS */;
UNLOCK TABLES;

--
-- Table structure for table `report_bibliographies`
--

DROP TABLE IF EXISTS `report_bibliographies`;
/*!40101 SET @saved_cs_client     = @@character_set_client */;
/*!50503 SET character_set_client = utf8mb4 */;
CREATE TABLE `report_bibliographies` (
  `id` int NOT NULL AUTO_INCREMENT,
  `reference` text NOT NULL,
  `report_id` int NOT NULL,
  PRIMARY KEY (`id`),
  KEY `report_id` (`report_id`),
  CONSTRAINT `report_bibliographies_ibfk_1` FOREIGN KEY (`report_id`) REFERENCES `sustainability_reports` (`id`) ON DELETE CASCADE ON UPDATE CASCADE
) ENGINE=InnoDB AUTO_INCREMENT=5 DEFAULT CHARSET=utf8mb4 COLLATE=utf8mb4_0900_ai_ci;
/*!40101 SET character_set_client = @saved_cs_client */;

--
-- Dumping data for table `report_bibliographies`
--

LOCK TABLES `report_bibliographies` WRITE;
/*!40000 ALTER TABLE `report_bibliographies` DISABLE KEYS */;
INSERT INTO `report_bibliographies` VALUES (1,'una referencia',5),(3,'una referencia',26),(4,'Referencia 12',31);
/*!40000 ALTER TABLE `report_bibliographies` ENABLE KEYS */;
UNLOCK TABLES;

--
-- Table structure for table `report_logos`
--

DROP TABLE IF EXISTS `report_logos`;
/*!40101 SET @saved_cs_client     = @@character_set_client */;
/*!50503 SET character_set_client = utf8mb4 */;
CREATE TABLE `report_logos` (
  `id` int NOT NULL AUTO_INCREMENT,
  `logo` varchar(255) NOT NULL,
  `report_id` int NOT NULL,
  PRIMARY KEY (`id`),
  KEY `report_id` (`report_id`),
  CONSTRAINT `report_logos_ibfk_1` FOREIGN KEY (`report_id`) REFERENCES `sustainability_reports` (`id`) ON DELETE CASCADE ON UPDATE CASCADE
) ENGINE=InnoDB AUTO_INCREMENT=18 DEFAULT CHARSET=utf8mb4 COLLATE=utf8mb4_0900_ai_ci;
/*!40101 SET character_set_client = @saved_cs_client */;

--
-- Dumping data for table `report_logos`
--

LOCK TABLES `report_logos` WRITE;
/*!40000 ALTER TABLE `report_logos` DISABLE KEYS */;
INSERT INTO `report_logos` VALUES (12,'/static/uploads/logos/report_5_logo_9b749bc4-2d5a-4410-8d8d-c6112131e8b6.jpg',5),(13,'/static/uploads/logos/report_5_logo_06a8d994-dfe4-41cf-b10b-f56415709021.jpg',5),(14,'/static\\uploads\\logos\\report_26_logo_d5fe202e-7a96-44e0-8748-28d05a204ca9.jpg',26),(15,'/static\\uploads\\logos\\report_26_logo_42787e9b-766a-4a08-8543-f0211871fae2.jpg',26),(16,'/static/uploads/logos/report_31_logo_f2b11e27-1754-4f69-a8bc-deac20e4a0e0.jpg',31),(17,'/static/uploads/logos/report_31_logo_758755f8-18a9-436e-87c2-465968e5307b.jpg',31);
/*!40000 ALTER TABLE `report_logos` ENABLE KEYS */;
UNLOCK TABLES;

--
-- Table structure for table `report_norms`
--

DROP TABLE IF EXISTS `report_norms`;
/*!40101 SET @saved_cs_client     = @@character_set_client */;
/*!50503 SET character_set_client = utf8mb4 */;
CREATE TABLE `report_norms` (
  `id` int NOT NULL AUTO_INCREMENT,
  `norm` text NOT NULL,
  `report_id` int NOT NULL,
  PRIMARY KEY (`id`),
  KEY `report_id` (`report_id`),
  CONSTRAINT `report_norms_ibfk_1` FOREIGN KEY (`report_id`) REFERENCES `sustainability_reports` (`id`) ON DELETE CASCADE ON UPDATE CASCADE
) ENGINE=InnoDB AUTO_INCREMENT=320 DEFAULT CHARSET=utf8mb4 COLLATE=utf8mb4_0900_ai_ci;
/*!40101 SET character_set_client = @saved_cs_client */;

--
-- Dumping data for table `report_norms`
--

LOCK TABLES `report_norms` WRITE;
/*!40000 ALTER TABLE `report_norms` DISABLE KEYS */;
INSERT INTO `report_norms` VALUES (7,'Convención para la protección de los bienes culturales en caso de conflicto armado, de 14 de mayo de 1954.\n\nhttps://www.unesco.org/es/legal-affairs/convention-protection-cultural-property-event-armed-conflict-regulations-execution-convention',9),(8,'Recomendación sobre los medios más eficaces para hacer los Museos Accesibles a Todos. París, Francia. 14 de diciembre de 1960.\n\nhttps://www.unesco.org/es/legal-affairs/recommendation-concerning-most-effective-means-rendering-museums-accessible-everyone',9),(9,'Declaración de los principios de cooperación cultural internacional, de 4 de noviembre de 1966.\n\nhttps://www.unesco.org/es/legal-affairs/declaration-principles-international-cultural-co-operation',9),(10,'Recomendación sobre la conservación de bienes culturales que la ejecución de obras públicas o privadas pueda poner en peligro, de 19 de noviembre de 1968.\n\nhttps://www.unesco.org/es/legal-affairs/recommendation-concerning-preservation-cultural-property-endangered-public-or-private-works',9),(11,'Convención sobre las medidas que deben adoptarse para prohibir e impedir la importación, la exportación y la transferencia de propiedades ilícitas de bienes culturales, de 14 de noviembre de 1970.\n\nhttps://www.unesco.org/es/legal-affairs/convention-means-prohibiting-and-preventing-illicit-import-export-and-transfer-ownership-cultural',9),(12,'Recomendación relativa a la Salvaguardia de los Conjuntos Históricos o Tradicionales y su Función en la Vida Contemporánea. Nairobi, Kenia. 26 de noviembre de 1976.\n\nhttps://www.unesco.org/es/legal-affairs/recommendation-concerning-safeguarding-and-contemporary-role-historic-areas',9),(13,'Recomendación relativa a la Participación y la Contribución de las Masas Populares en la Vida Cultural. Nairobi, Kenia. 26 de noviembre de 1976.\n\nhttps://www.unesco.org/es/legal-affairs/recommendation-participation-people-large-cultural-life-and-their-contribution-it',9),(14,'Recomendación sobre la Conservación de los Bienes Culturales que la Ejecución de Obras Públicas o Privadas pueda poner en Peligro. París, Francia. 19 de noviembre de 1968.\n\nhttps://www.unesco.org/es/legal-affairs/recommendation-concerning-preservation-cultural-property-endangered-public-or-private-works',9),(15,'Declaración Universal de Derechos Culturales.\n\nhttps://www.unesco.org/es/legal-affairs/recommendation-concerning-preservation-cultural-property-endangered-public-or-private-works',9),(16,'Declaración de Córdoba como Ciudad. Patrimonio de la Humanidad por la UNESCO.\n\nhttps://whc.unesco.org/en/list/313/',9),(17,'Declaración Universal de Derechos Humanos.\n\nhttps://www.un.org/es/about-us/universal-declaration-of-human-rights',9),(18,'Convención Cultural Europea, Paris, de 19 de diciembre de 1954.\n\nhttps://www.coe.int/en/web/culture-and-heritage/european-cultural-convention',9),(19,'Resolución (86) 3, del Comité de Ministros, sobre cooperación cultural europea, de 23 de abril de 1986.\n\nhttps://redined.educacion.gob.es/xmlui/handle/11162/81666',9),(20,'Resolución (98) 4, del Comité de Ministros, sobre los itinerarios culturales del Consejo de Europa, de 17 de marzo de 1998.\n\nhttps://www.cultura.gob.es/dam/jcr:590c8c17-0eb5-48ba-b47f-5d42b5206dbd/itinerarios-culturales.pdf',9),(21,'Reglamento (UE) 2021/818 del Parlamento Europeo y del Consejo de 20 de mayo de 2021 por el que se establece el Programa Europa Creativa (2021 a 2027).\n\nhttps://www.boe.es/buscar/doc.php?id=DOUE-L-2021-80686',9),(22,'Carta de los Derechos Fundamentales de la Unión Europea.\n\nhttps://www.boe.es/doue/2010/083/Z00389-00403.pdf',9),(23,'Ley 16/1985 de Patrimonio Histórico Español.\n\nhttps://www.boe.es/buscar/act.php?id=BOE-A-1985-12534',9),(24,'Ley 23/1982, de 16 de junio, reguladora del Patrimonio Nacional. (Texto consolidado, ultima modificación: 31 de diciembre de 1997).\n\nhttps://www.boe.es/buscar/act.php?id=BOE-A-1982-15230',9),(25,'Real Decreto 111/1986 de desarrollo parcial de la Ley 16/1985.\n\nhttps://www.boe.es/buscar/act.php?id=BOE-A-1986-2277',9),(26,'Real Decreto 2568/1986, de 28 de noviembre, por el que se aprueba el Reglamento de Organización, Funcionamiento y Régimen Jurídico de las Entidades Locales.\n\nhttps://www.boe.es/buscar/act.php?id=BOE-A-1986-33252',9),(27,'Constitución Española. Art. 44.\n\nhttps://app.congreso.es/consti/constitucion/indice/titulos/articulos.jsp?ini=44&tipo=2',9),(28,'Ley 14/2007, de 26 de noviembre, del Patrimonio Histórico de Andalucía.\n\nhttps://www.boe.es/buscar/act.php?id=BOE-A-2008-2494',9),(29,'Ley de Ordenación Urbanística de Andalucía (Ley 7/2002).\n\nhttps://www.boe.es/diario_boe/txt.php?id=BOE-A-2012-2627',9),(30,'Catálogo General de Patrimonio Histórico Andaluz.\n\nhttps://www.juntadeandalucia.es/organismos/culturaydeporte/areas/cultura/bienes-culturales/catalogo-pha.html',9),(31,'Ley 5/2007, de 26 de junio, por la que se crea como entidad de derecho público el Instituto Andaluz de Patrimonio Histórico.\n\nhttps://www.boe.es/buscar/act.php?id=BOE-A-2007-14405',9),(32,'Decreto 550/2022, de 29 de noviembre, por el que se aprueba el Reglamento General de la Ley 7/2021, de 1 de diciembre, de impulso para la sostenibilidad del territorio de Andalucía.\n\nhttps://www.juntadeandalucia.es/boja/2022/232/6',9),(33,'Decreto 379/2009, de 1 de diciembre, por el que se modifica el decreto 4/1993, de 26 de enero. Reglamento de Organización Administrativa del Patrimonio Histórico de Andalucía.\n\nhttps://www.juntadeandalucia.es/boja/2009/244/46',9),(34,'Orden VIV/561/2010, de 1 de febrero, por la que se desarrolla el documento técnico de condiciones básicas de accesibilidad y no discriminación para el acceso y utilización de los espacios públicos urbanizados.\n\nhttps://www.boe.es/buscar/doc.php?id=BOE-A-2010-4057',9),(35,'ORDEN de 9 de enero de 2012, por la que se aprueban los modelos de fichas y tablas justificativas del Reglamento que regula las normas para la accesibilidad en las infraestructuras, el urbanismo, la edificación y el transporte en Andalucía.\n\nhttps://www.juntadeandalucia.es/boja/2012/12/2.html',9),(36,'Plan General de Ordenación Urbana de Córdoba.\n\nhttps://www.gmucordoba.es/urbanismo/plan-general-de-ordenacion-urbanistica-pgou',9),(37,'Plan Especial de Protección del Conjunto Histórico de Córdoba.\n\nhttps://www.gmucordoba.es/casco-historico/plan-especial-de-proteccion-del-casco-historico-pepch-01',9),(38,'Ordenanza Municipal sobre Supresión de Barreras Arquitectónicas, Urbanísticas, en el Transporte y en la Comunicación Sensorial.\n\nhttps://www.cordoba.es/sites/default/files/PDF/Ayuntamiento/ordenanzas_bandos_y_otros/ordenanzas-y-reglamentos-municipales-no-fiscales/via_publica/Ordenanza_municipal_sobre_supresion_de_barreras_arquitectonicas_urbanisticas_en_el_transporte_y_en_la_comunicacion_sensorial.pdf',9),(39,'Recomendación que define los Principios Internacionales que deberían aplicarse a las Excavaciones Arqueológicas. Nueva Delhi, India. 5 de diciembre de 1956.\n\nhttps://www.unesco.org/es/legal-affairs/recommendation-international-principles-applicable-archaeological-excavations',9),(40,'Convención sobre la Protección del Patrimonio Mundial, Cultural y Natural, de 16 de noviembre de 1972.\n\nhttps://patrimoniomundial.cultura.pe/patrimoniomundial/laconvencionde1972',9),(41,'Recomendación sobre la protección, en el ámbito nacional, del Patrimonio cultural y natural.\n\nhttps://www.unesco.org/es/legal-affairs/recommendation-concerning-protection-national-level-cultural-and-natural-heritage',9),(42,'Recomendación sobre el Intercambio Internacional de Bienes Culturales. Nairobi, Kenia. 26 de noviembre de 1976.\n\nhttps://www.unesco.org/es/legal-affairs/recommendation-concerning-international-exchange-cultural-property',9),(43,'Recomendación sobre la Protección de los Bienes Culturales Muebles. Paris, Francia. 28 de noviembre de 1978.\n\nhttps://www.unesco.org/es/legal-affairs/recommendation-protection-movable-cultural-property',9),(44,'Declaración de la UNESCO relativa a la destrucción intencional del patrimonio cultural, de 17 de octubre de 2003.\n\nhttps://www.unesco.org/es/legal-affairs/unesco-declaration-concerning-intentional-destruction-cultural-heritage',9),(45,'Recomendación relativa a la protección y promoción de los museos y colecciones, su diversidad y su función en la sociedad, 17 de noviembre de 2015.\n\nhttps://www.unesco.org/es/legal-affairs/recommendation-concerning-protection-and-promotion-museums-and-collections-their-diversity-and-their',9),(46,'Declaración Patrimonio de la Humanidad Medina Azahara.\n\nhttps://whc.unesco.org/en/list/1560/',9),(47,'Resolución (66) 20 del Comité de Ministros sobre la Rehabilitación de Monumentos (21 de marzo de 1966).\n\nhttps://search.coe.int/cm?i=09000016804f508d',9),(48,'Resolución (68) 11 del Comité de Ministros sobre Principios y Métodos de Conservación y Rehabilitación de Sitios y Conjuntos de Interés Histórico (29 de abril de 1968).\n\nhttps://search.coe.int/cm?i=09000016804bb7e6',9),(49,'Resolución (68) 12 del Comité de Ministros sobre la Conservación Activa de Sitios, Monumentos y Conjuntos de Interés Histórico o Artístico en el Marco de Ordenación del Territorio (29 de abril de 1968).\n\nhttps://search.coe.int/cm?i=09000016804bb7e6',9),(50,'Resolución (72) 21 del Comité de Ministros sobre el Establecimiento de Inventarios Nacionales de Monumentos, Conjuntos y Sitios Históricos y Artísticos (24 de mayo de 1972).\n\nhttps://rm.coe.int/native/09000016804e2562',9),(51,'Resolución de 16 de enero de 2001 del Parlamento Europeo sobre la Aplicación de la Convención sobre la Protección del Patrimonio Mundial, Cultural y Natural en los Estados de la Unión Europea.\n\nhttps://www.europarl.europa.eu/doceo/document/TA-5-2001-0005_EN.html\n\nhttps://eur-lex.europa.eu/resource.html?uri=cellar:b38fc89b-c072-4932-9e93-da04356df5d2.0004.01/DOC_20&format=PDF',9),(52,'Convenio Marco sobre el valor del patrimonio cultural para la sociedad, Faro, de 27 de octubre de 2005.\n\nhttps://rm.coe.int/16806a18d3',9),(53,'Directiva 2014/60/UE del Parlamento Europeo y del Consejo, de 15 de mayo de 2014, relativa a la restitución de bienes culturales que hayan salido de forma ilegal del territorio de un Estado miembro.\n\nhttps://www.boe.es/buscar/doc.php?id=DOUE-L-2014-81096',9),(54,'Real Decreto 620/1987, de 10 de abril por el que se aprueba el Reglamento de Museos de Titularidad Estatal y del Sistema Español de Museos.\n\nhttps://www.cultura.gob.es/mnceramica/dam/jcr:266b0143-226f-431c-be54-34c2fcb2f999/2-2-normativa-mte-y-sem-1987.pdf',9),(55,'Orden de 18 de mayo de 1994 para la reordenación de los museos de titularidad estatal adscritos al Ministerio de Cultura y ubicados en la Comunidad Autónoma de Andalucía.\n\nhttps://www.boe.es/buscar/act.php?id=BOE-A-1994-11604',9),(56,'Real Decreto 1305/2009, de 31 de julio, por el que se crea la Red de Museos de España.\n\nhttps://www.boe.es/buscar/act.php?id=BOE-A-2009-13761',9),(57,'Orden ECD/868/2015, de 5 de mayo, por la que se regula la visita pública a los museos de titularidad estatal adscritos y gestionados por el Ministerio de Educación, Cultura y Deporte y por el Instituto Nacional de las Artes Escénicas y de la Música.\n\nhttps://www.boe.es/diario_boe/txt.php?id=BOE-A-2015-5290',9),(58,'Ley 8/2007, de 5 de octubre, de Museos y Colecciones Museográficas de Andalucía.\n\nhttps://www.boe.es/buscar/pdf/2007/BOE-A-2007-18779-consolidado.pdf',9),(60,'Convención para la protección de los bienes culturales en caso de conflicto armado, de 14 de mayo de 1954.\n\nhttps://www.unesco.org/es/legal-affairs/convention-protection-cultural-property-event-armed-conflict-regulations-execution-convention',5),(61,'Recomendación sobre los medios más eficaces para hacer los Museos Accesibles a Todos. París, Francia. 14 de diciembre de 1960.\n\nhttps://www.unesco.org/es/legal-affairs/recommendation-concerning-most-effective-means-rendering-museums-accessible-everyone',5),(62,'Declaración de los principios de cooperación cultural internacional, de 4 de noviembre de 1966.\n\nhttps://www.unesco.org/es/legal-affairs/declaration-principles-international-cultural-co-operation',5),(63,'Recomendación sobre la conservación de bienes culturales que la ejecución de obras públicas o privadas pueda poner en peligro, de 19 de noviembre de 1968.\n\nhttps://www.unesco.org/es/legal-affairs/recommendation-concerning-preservation-cultural-property-endangered-public-or-private-works',5),(64,'Convención sobre las medidas que deben adoptarse para prohibir e impedir la importación, la exportación y la transferencia de propiedades ilícitas de bienes culturales, de 14 de noviembre de 1970.\n\nhttps://www.unesco.org/es/legal-affairs/convention-means-prohibiting-and-preventing-illicit-import-export-and-transfer-ownership-cultural',5),(65,'Recomendación relativa a la Salvaguardia de los Conjuntos Históricos o Tradicionales y su Función en la Vida Contemporánea. Nairobi, Kenia. 26 de noviembre de 1976.\n\nhttps://www.unesco.org/es/legal-affairs/recommendation-concerning-safeguarding-and-contemporary-role-historic-areas',5),(66,'Recomendación relativa a la Participación y la Contribución de las Masas Populares en la Vida Cultural. Nairobi, Kenia. 26 de noviembre de 1976.\n\nhttps://www.unesco.org/es/legal-affairs/recommendation-participation-people-large-cultural-life-and-their-contribution-it',5),(67,'Recomendación sobre la Conservación de los Bienes Culturales que la Ejecución de Obras Públicas o Privadas pueda poner en Peligro. París, Francia. 19 de noviembre de 1968.\n\nhttps://www.unesco.org/es/legal-affairs/recommendation-concerning-preservation-cultural-property-endangered-public-or-private-works',5),(68,'Declaración Universal de Derechos Culturales.\n\nhttps://www.unesco.org/es/legal-affairs/recommendation-concerning-preservation-cultural-property-endangered-public-or-private-works',5),(69,'Declaración de Córdoba como Ciudad. Patrimonio de la Humanidad por la UNESCO.\n\nhttps://whc.unesco.org/en/list/313/',5),(70,'Declaración Universal de Derechos Humanos.\n\nhttps://www.un.org/es/about-us/universal-declaration-of-human-rights',5),(71,'Convención Cultural Europea, Paris, de 19 de diciembre de 1954.\n\nhttps://www.coe.int/en/web/culture-and-heritage/european-cultural-convention',5),(72,'Resolución (86) 3, del Comité de Ministros, sobre cooperación cultural europea, de 23 de abril de 1986.\n\nhttps://redined.educacion.gob.es/xmlui/handle/11162/81666',5),(73,'Resolución (98) 4, del Comité de Ministros, sobre los itinerarios culturales del Consejo de Europa, de 17 de marzo de 1998.\n\nhttps://www.cultura.gob.es/dam/jcr:590c8c17-0eb5-48ba-b47f-5d42b5206dbd/itinerarios-culturales.pdf',5),(74,'Reglamento (UE) 2021/818 del Parlamento Europeo y del Consejo de 20 de mayo de 2021 por el que se establece el Programa Europa Creativa (2021 a 2027).\n\nhttps://www.boe.es/buscar/doc.php?id=DOUE-L-2021-80686',5),(75,'Carta de los Derechos Fundamentales de la Unión Europea.\n\nhttps://www.boe.es/doue/2010/083/Z00389-00403.pdf',5),(76,'Ley 16/1985 de Patrimonio Histórico Español.\n\nhttps://www.boe.es/buscar/act.php?id=BOE-A-1985-12534',5),(77,'Ley 23/1982, de 16 de junio, reguladora del Patrimonio Nacional. (Texto consolidado, ultima modificación: 31 de diciembre de 1997).\n\nhttps://www.boe.es/buscar/act.php?id=BOE-A-1982-15230',5),(78,'Real Decreto 111/1986 de desarrollo parcial de la Ley 16/1985.\n\nhttps://www.boe.es/buscar/act.php?id=BOE-A-1986-2277',5),(79,'Real Decreto 2568/1986, de 28 de noviembre, por el que se aprueba el Reglamento de Organización, Funcionamiento y Régimen Jurídico de las Entidades Locales.\n\nhttps://www.boe.es/buscar/act.php?id=BOE-A-1986-33252',5),(80,'Constitución Española. Art. 44.\n\nhttps://app.congreso.es/consti/constitucion/indice/titulos/articulos.jsp?ini=44&tipo=2',5),(81,'Ley 14/2007, de 26 de noviembre, del Patrimonio Histórico de Andalucía.\n\nhttps://www.boe.es/buscar/act.php?id=BOE-A-2008-2494',5),(82,'Ley de Ordenación Urbanística de Andalucía (Ley 7/2002).\n\nhttps://www.boe.es/diario_boe/txt.php?id=BOE-A-2012-2627',5),(83,'Catálogo General de Patrimonio Histórico Andaluz.\n\nhttps://www.juntadeandalucia.es/organismos/culturaydeporte/areas/cultura/bienes-culturales/catalogo-pha.html',5),(84,'Ley 5/2007, de 26 de junio, por la que se crea como entidad de derecho público el Instituto Andaluz de Patrimonio Histórico.\n\nhttps://www.boe.es/buscar/act.php?id=BOE-A-2007-14405',5),(85,'Decreto 550/2022, de 29 de noviembre, por el que se aprueba el Reglamento General de la Ley 7/2021, de 1 de diciembre, de impulso para la sostenibilidad del territorio de Andalucía.\n\nhttps://www.juntadeandalucia.es/boja/2022/232/6',5),(86,'Decreto 379/2009, de 1 de diciembre, por el que se modifica el decreto 4/1993, de 26 de enero. Reglamento de Organización Administrativa del Patrimonio Histórico de Andalucía.\n\nhttps://www.juntadeandalucia.es/boja/2009/244/46',5),(87,'Orden VIV/561/2010, de 1 de febrero, por la que se desarrolla el documento técnico de condiciones básicas de accesibilidad y no discriminación para el acceso y utilización de los espacios públicos urbanizados.\n\nhttps://www.boe.es/buscar/doc.php?id=BOE-A-2010-4057',5),(88,'ORDEN de 9 de enero de 2012, por la que se aprueban los modelos de fichas y tablas justificativas del Reglamento que regula las normas para la accesibilidad en las infraestructuras, el urbanismo, la edificación y el transporte en Andalucía.\n\nhttps://www.juntadeandalucia.es/boja/2012/12/2.html',5),(89,'Plan General de Ordenación Urbana de Córdoba.\n\nhttps://www.gmucordoba.es/urbanismo/plan-general-de-ordenacion-urbanistica-pgou',5),(90,'Plan Especial de Protección del Conjunto Histórico de Córdoba.\n\nhttps://www.gmucordoba.es/casco-historico/plan-especial-de-proteccion-del-casco-historico-pepch-01',5),(91,'Ordenanza Municipal sobre Supresión de Barreras Arquitectónicas, Urbanísticas, en el Transporte y en la Comunicación Sensorial.\n\nhttps://www.cordoba.es/sites/default/files/PDF/Ayuntamiento/ordenanzas_bandos_y_otros/ordenanzas-y-reglamentos-municipales-no-fiscales/via_publica/Ordenanza_municipal_sobre_supresion_de_barreras_arquitectonicas_urbanisticas_en_el_transporte_y_en_la_comunicacion_sensorial.pdf',5),(92,'Recomendación que define los Principios Internacionales que deberían aplicarse a las Excavaciones Arqueológicas. Nueva Delhi, India. 5 de diciembre de 1956.\n\nhttps://www.unesco.org/es/legal-affairs/recommendation-international-principles-applicable-archaeological-excavations',5),(93,'Convención sobre la Protección del Patrimonio Mundial, Cultural y Natural, de 16 de noviembre de 1972.\n\nhttps://patrimoniomundial.cultura.pe/patrimoniomundial/laconvencionde1972',5),(94,'Recomendación sobre la protección, en el ámbito nacional, del Patrimonio cultural y natural.\n\nhttps://www.unesco.org/es/legal-affairs/recommendation-concerning-protection-national-level-cultural-and-natural-heritage',5),(95,'Recomendación sobre el Intercambio Internacional de Bienes Culturales. Nairobi, Kenia. 26 de noviembre de 1976.\n\nhttps://www.unesco.org/es/legal-affairs/recommendation-concerning-international-exchange-cultural-property',5),(96,'Recomendación sobre la Protección de los Bienes Culturales Muebles. Paris, Francia. 28 de noviembre de 1978.\n\nhttps://www.unesco.org/es/legal-affairs/recommendation-protection-movable-cultural-property',5),(97,'Declaración de la UNESCO relativa a la destrucción intencional del patrimonio cultural, de 17 de octubre de 2003.\n\nhttps://www.unesco.org/es/legal-affairs/unesco-declaration-concerning-intentional-destruction-cultural-heritage',5),(98,'Recomendación relativa a la protección y promoción de los museos y colecciones, su diversidad y su función en la sociedad, 17 de noviembre de 2015.\n\nhttps://www.unesco.org/es/legal-affairs/recommendation-concerning-protection-and-promotion-museums-and-collections-their-diversity-and-their',5),(99,'Declaración Patrimonio de la Humanidad Medina Azahara.\n\nhttps://whc.unesco.org/en/list/1560/',5),(100,'Resolución (66) 20 del Comité de Ministros sobre la Rehabilitación de Monumentos (21 de marzo de 1966).\n\nhttps://search.coe.int/cm?i=09000016804f508d',5),(101,'Resolución (68) 11 del Comité de Ministros sobre Principios y Métodos de Conservación y Rehabilitación de Sitios y Conjuntos de Interés Histórico (29 de abril de 1968).\n\nhttps://search.coe.int/cm?i=09000016804bb7e6',5),(102,'Resolución (68) 12 del Comité de Ministros sobre la Conservación Activa de Sitios, Monumentos y Conjuntos de Interés Histórico o Artístico en el Marco de Ordenación del Territorio (29 de abril de 1968).\n\nhttps://search.coe.int/cm?i=09000016804bb7e6',5),(103,'Resolución (72) 21 del Comité de Ministros sobre el Establecimiento de Inventarios Nacionales de Monumentos, Conjuntos y Sitios Históricos y Artísticos (24 de mayo de 1972).\n\nhttps://rm.coe.int/native/09000016804e2562',5),(104,'Resolución de 16 de enero de 2001 del Parlamento Europeo sobre la Aplicación de la Convención sobre la Protección del Patrimonio Mundial, Cultural y Natural en los Estados de la Unión Europea.\n\nhttps://www.europarl.europa.eu/doceo/document/TA-5-2001-0005_EN.html\n\nhttps://eur-lex.europa.eu/resource.html?uri=cellar:b38fc89b-c072-4932-9e93-da04356df5d2.0004.01/DOC_20&format=PDF',5),(105,'Convenio Marco sobre el valor del patrimonio cultural para la sociedad, Faro, de 27 de octubre de 2005.\n\nhttps://rm.coe.int/16806a18d3',5),(106,'Directiva 2014/60/UE del Parlamento Europeo y del Consejo, de 15 de mayo de 2014, relativa a la restitución de bienes culturales que hayan salido de forma ilegal del territorio de un Estado miembro.\n\nhttps://www.boe.es/buscar/doc.php?id=DOUE-L-2014-81096',5),(107,'Real Decreto 620/1987, de 10 de abril por el que se aprueba el Reglamento de Museos de Titularidad Estatal y del Sistema Español de Museos.\n\nhttps://www.cultura.gob.es/mnceramica/dam/jcr:266b0143-226f-431c-be54-34c2fcb2f999/2-2-normativa-mte-y-sem-1987.pdf',5),(108,'Orden de 18 de mayo de 1994 para la reordenación de los museos de titularidad estatal adscritos al Ministerio de Cultura y ubicados en la Comunidad Autónoma de Andalucía.\n\nhttps://www.boe.es/buscar/act.php?id=BOE-A-1994-11604',5),(109,'Real Decreto 1305/2009, de 31 de julio, por el que se crea la Red de Museos de España.\n\nhttps://www.boe.es/buscar/act.php?id=BOE-A-2009-13761',5),(110,'Orden ECD/868/2015, de 5 de mayo, por la que se regula la visita pública a los museos de titularidad estatal adscritos y gestionados por el Ministerio de Educación, Cultura y Deporte y por el Instituto Nacional de las Artes Escénicas y de la Música.\n\nhttps://www.boe.es/diario_boe/txt.php?id=BOE-A-2015-5290',5),(111,'Ley 8/2007, de 5 de octubre, de Museos y Colecciones Museográficas de Andalucía.\n\nhttps://www.boe.es/buscar/pdf/2007/BOE-A-2007-18779-consolidado.pdf',5),(112,'Convención para la protección de los bienes culturales en caso de conflicto armado, de 14 de mayo de 1954.\n\nhttps://www.unesco.org/es/legal-affairs/convention-protection-cultural-property-event-armed-conflict-regulations-execution-convention',25),(113,'Recomendación sobre los medios más eficaces para hacer los Museos Accesibles a Todos. París, Francia. 14 de diciembre de 1960.\n\nhttps://www.unesco.org/es/legal-affairs/recommendation-concerning-most-effective-means-rendering-museums-accessible-everyone',25),(114,'Declaración de los principios de cooperación cultural internacional, de 4 de noviembre de 1966.\n\nhttps://www.unesco.org/es/legal-affairs/declaration-principles-international-cultural-co-operation',25),(115,'Recomendación sobre la conservación de bienes culturales que la ejecución de obras públicas o privadas pueda poner en peligro, de 19 de noviembre de 1968.\n\nhttps://www.unesco.org/es/legal-affairs/recommendation-concerning-preservation-cultural-property-endangered-public-or-private-works',25),(116,'Convención sobre las medidas que deben adoptarse para prohibir e impedir la importación, la exportación y la transferencia de propiedades ilícitas de bienes culturales, de 14 de noviembre de 1970.\n\nhttps://www.unesco.org/es/legal-affairs/convention-means-prohibiting-and-preventing-illicit-import-export-and-transfer-ownership-cultural',25),(117,'Recomendación relativa a la Salvaguardia de los Conjuntos Históricos o Tradicionales y su Función en la Vida Contemporánea. Nairobi, Kenia. 26 de noviembre de 1976.\n\nhttps://www.unesco.org/es/legal-affairs/recommendation-concerning-safeguarding-and-contemporary-role-historic-areas',25),(118,'Recomendación relativa a la Participación y la Contribución de las Masas Populares en la Vida Cultural. Nairobi, Kenia. 26 de noviembre de 1976.\n\nhttps://www.unesco.org/es/legal-affairs/recommendation-participation-people-large-cultural-life-and-their-contribution-it',25),(119,'Recomendación sobre la Conservación de los Bienes Culturales que la Ejecución de Obras Públicas o Privadas pueda poner en Peligro. París, Francia. 19 de noviembre de 1968.\n\nhttps://www.unesco.org/es/legal-affairs/recommendation-concerning-preservation-cultural-property-endangered-public-or-private-works',25),(120,'Declaración Universal de Derechos Culturales.\n\nhttps://www.unesco.org/es/legal-affairs/recommendation-concerning-preservation-cultural-property-endangered-public-or-private-works',25),(121,'Declaración de Córdoba como Ciudad. Patrimonio de la Humanidad por la UNESCO.\n\nhttps://whc.unesco.org/en/list/313/',25),(122,'Declaración Universal de Derechos Humanos.\n\nhttps://www.un.org/es/about-us/universal-declaration-of-human-rights',25),(123,'Convención Cultural Europea, Paris, de 19 de diciembre de 1954.\n\nhttps://www.coe.int/en/web/culture-and-heritage/european-cultural-convention',25),(124,'Resolución (86) 3, del Comité de Ministros, sobre cooperación cultural europea, de 23 de abril de 1986.\n\nhttps://redined.educacion.gob.es/xmlui/handle/11162/81666',25),(125,'Resolución (98) 4, del Comité de Ministros, sobre los itinerarios culturales del Consejo de Europa, de 17 de marzo de 1998.\n\nhttps://www.cultura.gob.es/dam/jcr:590c8c17-0eb5-48ba-b47f-5d42b5206dbd/itinerarios-culturales.pdf',25),(126,'Reglamento (UE) 2021/818 del Parlamento Europeo y del Consejo de 20 de mayo de 2021 por el que se establece el Programa Europa Creativa (2021 a 2027).\n\nhttps://www.boe.es/buscar/doc.php?id=DOUE-L-2021-80686',25),(127,'Carta de los Derechos Fundamentales de la Unión Europea.\n\nhttps://www.boe.es/doue/2010/083/Z00389-00403.pdf',25),(128,'Ley 16/1985 de Patrimonio Histórico Español.\n\nhttps://www.boe.es/buscar/act.php?id=BOE-A-1985-12534',25),(129,'Ley 23/1982, de 16 de junio, reguladora del Patrimonio Nacional. (Texto consolidado, ultima modificación: 31 de diciembre de 1997).\n\nhttps://www.boe.es/buscar/act.php?id=BOE-A-1982-15230',25),(130,'Real Decreto 111/1986 de desarrollo parcial de la Ley 16/1985.\n\nhttps://www.boe.es/buscar/act.php?id=BOE-A-1986-2277',25),(131,'Real Decreto 2568/1986, de 28 de noviembre, por el que se aprueba el Reglamento de Organización, Funcionamiento y Régimen Jurídico de las Entidades Locales.\n\nhttps://www.boe.es/buscar/act.php?id=BOE-A-1986-33252',25),(132,'Constitución Española. Art. 44.\n\nhttps://app.congreso.es/consti/constitucion/indice/titulos/articulos.jsp?ini=44&tipo=2',25),(133,'Ley 14/2007, de 26 de noviembre, del Patrimonio Histórico de Andalucía.\n\nhttps://www.boe.es/buscar/act.php?id=BOE-A-2008-2494',25),(134,'Ley de Ordenación Urbanística de Andalucía (Ley 7/2002).\n\nhttps://www.boe.es/diario_boe/txt.php?id=BOE-A-2012-2627',25),(135,'Catálogo General de Patrimonio Histórico Andaluz.\n\nhttps://www.juntadeandalucia.es/organismos/culturaydeporte/areas/cultura/bienes-culturales/catalogo-pha.html',25),(136,'Ley 5/2007, de 26 de junio, por la que se crea como entidad de derecho público el Instituto Andaluz de Patrimonio Histórico.\n\nhttps://www.boe.es/buscar/act.php?id=BOE-A-2007-14405',25),(137,'Decreto 550/2022, de 29 de noviembre, por el que se aprueba el Reglamento General de la Ley 7/2021, de 1 de diciembre, de impulso para la sostenibilidad del territorio de Andalucía.\n\nhttps://www.juntadeandalucia.es/boja/2022/232/6',25),(138,'Decreto 379/2009, de 1 de diciembre, por el que se modifica el decreto 4/1993, de 26 de enero. Reglamento de Organización Administrativa del Patrimonio Histórico de Andalucía.\n\nhttps://www.juntadeandalucia.es/boja/2009/244/46',25),(139,'Orden VIV/561/2010, de 1 de febrero, por la que se desarrolla el documento técnico de condiciones básicas de accesibilidad y no discriminación para el acceso y utilización de los espacios públicos urbanizados.\n\nhttps://www.boe.es/buscar/doc.php?id=BOE-A-2010-4057',25),(140,'ORDEN de 9 de enero de 2012, por la que se aprueban los modelos de fichas y tablas justificativas del Reglamento que regula las normas para la accesibilidad en las infraestructuras, el urbanismo, la edificación y el transporte en Andalucía.\n\nhttps://www.juntadeandalucia.es/boja/2012/12/2.html',25),(141,'Plan General de Ordenación Urbana de Córdoba.\n\nhttps://www.gmucordoba.es/urbanismo/plan-general-de-ordenacion-urbanistica-pgou',25),(142,'Plan Especial de Protección del Conjunto Histórico de Córdoba.\n\nhttps://www.gmucordoba.es/casco-historico/plan-especial-de-proteccion-del-casco-historico-pepch-01',25),(143,'Ordenanza Municipal sobre Supresión de Barreras Arquitectónicas, Urbanísticas, en el Transporte y en la Comunicación Sensorial.\n\nhttps://www.cordoba.es/sites/default/files/PDF/Ayuntamiento/ordenanzas_bandos_y_otros/ordenanzas-y-reglamentos-municipales-no-fiscales/via_publica/Ordenanza_municipal_sobre_supresion_de_barreras_arquitectonicas_urbanisticas_en_el_transporte_y_en_la_comunicacion_sensorial.pdf',25),(144,'Recomendación que define los Principios Internacionales que deberían aplicarse a las Excavaciones Arqueológicas. Nueva Delhi, India. 5 de diciembre de 1956.\n\nhttps://www.unesco.org/es/legal-affairs/recommendation-international-principles-applicable-archaeological-excavations',25),(145,'Convención sobre la Protección del Patrimonio Mundial, Cultural y Natural, de 16 de noviembre de 1972.\n\nhttps://patrimoniomundial.cultura.pe/patrimoniomundial/laconvencionde1972',25),(146,'Recomendación sobre la protección, en el ámbito nacional, del Patrimonio cultural y natural.\n\nhttps://www.unesco.org/es/legal-affairs/recommendation-concerning-protection-national-level-cultural-and-natural-heritage',25),(147,'Recomendación sobre el Intercambio Internacional de Bienes Culturales. Nairobi, Kenia. 26 de noviembre de 1976.\n\nhttps://www.unesco.org/es/legal-affairs/recommendation-concerning-international-exchange-cultural-property',25),(148,'Recomendación sobre la Protección de los Bienes Culturales Muebles. Paris, Francia. 28 de noviembre de 1978.\n\nhttps://www.unesco.org/es/legal-affairs/recommendation-protection-movable-cultural-property',25),(149,'Declaración de la UNESCO relativa a la destrucción intencional del patrimonio cultural, de 17 de octubre de 2003.\n\nhttps://www.unesco.org/es/legal-affairs/unesco-declaration-concerning-intentional-destruction-cultural-heritage',25),(150,'Recomendación relativa a la protección y promoción de los museos y colecciones, su diversidad y su función en la sociedad, 17 de noviembre de 2015.\n\nhttps://www.unesco.org/es/legal-affairs/recommendation-concerning-protection-and-promotion-museums-and-collections-their-diversity-and-their',25),(151,'Declaración Patrimonio de la Humanidad Medina Azahara.\n\nhttps://whc.unesco.org/en/list/1560/',25),(152,'Resolución (66) 20 del Comité de Ministros sobre la Rehabilitación de Monumentos (21 de marzo de 1966).\n\nhttps://search.coe.int/cm?i=09000016804f508d',25),(153,'Resolución (68) 11 del Comité de Ministros sobre Principios y Métodos de Conservación y Rehabilitación de Sitios y Conjuntos de Interés Histórico (29 de abril de 1968).\n\nhttps://search.coe.int/cm?i=09000016804bb7e6',25),(154,'Resolución (68) 12 del Comité de Ministros sobre la Conservación Activa de Sitios, Monumentos y Conjuntos de Interés Histórico o Artístico en el Marco de Ordenación del Territorio (29 de abril de 1968).\n\nhttps://search.coe.int/cm?i=09000016804bb7e6',25),(155,'Resolución (72) 21 del Comité de Ministros sobre el Establecimiento de Inventarios Nacionales de Monumentos, Conjuntos y Sitios Históricos y Artísticos (24 de mayo de 1972).\n\nhttps://rm.coe.int/native/09000016804e2562',25),(156,'Resolución de 16 de enero de 2001 del Parlamento Europeo sobre la Aplicación de la Convención sobre la Protección del Patrimonio Mundial, Cultural y Natural en los Estados de la Unión Europea.\n\nhttps://www.europarl.europa.eu/doceo/document/TA-5-2001-0005_EN.html\n\nhttps://eur-lex.europa.eu/resource.html?uri=cellar:b38fc89b-c072-4932-9e93-da04356df5d2.0004.01/DOC_20&format=PDF',25),(157,'Convenio Marco sobre el valor del patrimonio cultural para la sociedad, Faro, de 27 de octubre de 2005.\n\nhttps://rm.coe.int/16806a18d3',25),(158,'Directiva 2014/60/UE del Parlamento Europeo y del Consejo, de 15 de mayo de 2014, relativa a la restitución de bienes culturales que hayan salido de forma ilegal del territorio de un Estado miembro.\n\nhttps://www.boe.es/buscar/doc.php?id=DOUE-L-2014-81096',25),(159,'Real Decreto 620/1987, de 10 de abril por el que se aprueba el Reglamento de Museos de Titularidad Estatal y del Sistema Español de Museos.\n\nhttps://www.cultura.gob.es/mnceramica/dam/jcr:266b0143-226f-431c-be54-34c2fcb2f999/2-2-normativa-mte-y-sem-1987.pdf',25),(160,'Orden de 18 de mayo de 1994 para la reordenación de los museos de titularidad estatal adscritos al Ministerio de Cultura y ubicados en la Comunidad Autónoma de Andalucía.\n\nhttps://www.boe.es/buscar/act.php?id=BOE-A-1994-11604',25),(161,'Real Decreto 1305/2009, de 31 de julio, por el que se crea la Red de Museos de España.\n\nhttps://www.boe.es/buscar/act.php?id=BOE-A-2009-13761',25),(162,'Orden ECD/868/2015, de 5 de mayo, por la que se regula la visita pública a los museos de titularidad estatal adscritos y gestionados por el Ministerio de Educación, Cultura y Deporte y por el Instituto Nacional de las Artes Escénicas y de la Música.\n\nhttps://www.boe.es/diario_boe/txt.php?id=BOE-A-2015-5290',25),(163,'Ley 8/2007, de 5 de octubre, de Museos y Colecciones Museográficas de Andalucía.\n\nhttps://www.boe.es/buscar/pdf/2007/BOE-A-2007-18779-consolidado.pdf',25),(164,'Convención para la protección de los bienes culturales en caso de conflicto armado, de 14 de mayo de 1954.\n\nhttps://www.unesco.org/es/legal-affairs/convention-protection-cultural-property-event-armed-conflict-regulations-execution-convention',26),(165,'Recomendación sobre los medios más eficaces para hacer los Museos Accesibles a Todos. París, Francia. 14 de diciembre de 1960.\n\nhttps://www.unesco.org/es/legal-affairs/recommendation-concerning-most-effective-means-rendering-museums-accessible-everyone',26),(166,'Declaración de los principios de cooperación cultural internacional, de 4 de noviembre de 1966.\n\nhttps://www.unesco.org/es/legal-affairs/declaration-principles-international-cultural-co-operation',26),(167,'Recomendación sobre la conservación de bienes culturales que la ejecución de obras públicas o privadas pueda poner en peligro, de 19 de noviembre de 1968.\n\nhttps://www.unesco.org/es/legal-affairs/recommendation-concerning-preservation-cultural-property-endangered-public-or-private-works',26),(168,'Convención sobre las medidas que deben adoptarse para prohibir e impedir la importación, la exportación y la transferencia de propiedades ilícitas de bienes culturales, de 14 de noviembre de 1970.\n\nhttps://www.unesco.org/es/legal-affairs/convention-means-prohibiting-and-preventing-illicit-import-export-and-transfer-ownership-cultural',26),(169,'Recomendación relativa a la Salvaguardia de los Conjuntos Históricos o Tradicionales y su Función en la Vida Contemporánea. Nairobi, Kenia. 26 de noviembre de 1976.\n\nhttps://www.unesco.org/es/legal-affairs/recommendation-concerning-safeguarding-and-contemporary-role-historic-areas',26),(170,'Recomendación relativa a la Participación y la Contribución de las Masas Populares en la Vida Cultural. Nairobi, Kenia. 26 de noviembre de 1976.\n\nhttps://www.unesco.org/es/legal-affairs/recommendation-participation-people-large-cultural-life-and-their-contribution-it',26),(171,'Recomendación sobre la Conservación de los Bienes Culturales que la Ejecución de Obras Públicas o Privadas pueda poner en Peligro. París, Francia. 19 de noviembre de 1968.\n\nhttps://www.unesco.org/es/legal-affairs/recommendation-concerning-preservation-cultural-property-endangered-public-or-private-works',26),(172,'Declaración Universal de Derechos Culturales.\n\nhttps://www.unesco.org/es/legal-affairs/recommendation-concerning-preservation-cultural-property-endangered-public-or-private-works',26),(173,'Declaración de Córdoba como Ciudad. Patrimonio de la Humanidad por la UNESCO.\n\nhttps://whc.unesco.org/en/list/313/',26),(174,'Declaración Universal de Derechos Humanos.\n\nhttps://www.un.org/es/about-us/universal-declaration-of-human-rights',26),(175,'Convención Cultural Europea, Paris, de 19 de diciembre de 1954.\n\nhttps://www.coe.int/en/web/culture-and-heritage/european-cultural-convention',26),(176,'Resolución (86) 3, del Comité de Ministros, sobre cooperación cultural europea, de 23 de abril de 1986.\n\nhttps://redined.educacion.gob.es/xmlui/handle/11162/81666',26),(177,'Resolución (98) 4, del Comité de Ministros, sobre los itinerarios culturales del Consejo de Europa, de 17 de marzo de 1998.\n\nhttps://www.cultura.gob.es/dam/jcr:590c8c17-0eb5-48ba-b47f-5d42b5206dbd/itinerarios-culturales.pdf',26),(178,'Reglamento (UE) 2021/818 del Parlamento Europeo y del Consejo de 20 de mayo de 2021 por el que se establece el Programa Europa Creativa (2021 a 2027).\n\nhttps://www.boe.es/buscar/doc.php?id=DOUE-L-2021-80686',26),(179,'Carta de los Derechos Fundamentales de la Unión Europea.\n\nhttps://www.boe.es/doue/2010/083/Z00389-00403.pdf',26),(180,'Ley 16/1985 de Patrimonio Histórico Español.\n\nhttps://www.boe.es/buscar/act.php?id=BOE-A-1985-12534',26),(181,'Ley 23/1982, de 16 de junio, reguladora del Patrimonio Nacional. (Texto consolidado, ultima modificación: 31 de diciembre de 1997).\n\nhttps://www.boe.es/buscar/act.php?id=BOE-A-1982-15230',26),(182,'Real Decreto 111/1986 de desarrollo parcial de la Ley 16/1985.\n\nhttps://www.boe.es/buscar/act.php?id=BOE-A-1986-2277',26),(183,'Real Decreto 2568/1986, de 28 de noviembre, por el que se aprueba el Reglamento de Organización, Funcionamiento y Régimen Jurídico de las Entidades Locales.\n\nhttps://www.boe.es/buscar/act.php?id=BOE-A-1986-33252',26),(184,'Constitución Española. Art. 44.\n\nhttps://app.congreso.es/consti/constitucion/indice/titulos/articulos.jsp?ini=44&tipo=2',26),(185,'Ley 14/2007, de 26 de noviembre, del Patrimonio Histórico de Andalucía.\n\nhttps://www.boe.es/buscar/act.php?id=BOE-A-2008-2494',26),(186,'Ley de Ordenación Urbanística de Andalucía (Ley 7/2002).\n\nhttps://www.boe.es/diario_boe/txt.php?id=BOE-A-2012-2627',26),(187,'Catálogo General de Patrimonio Histórico Andaluz.\n\nhttps://www.juntadeandalucia.es/organismos/culturaydeporte/areas/cultura/bienes-culturales/catalogo-pha.html',26),(188,'Ley 5/2007, de 26 de junio, por la que se crea como entidad de derecho público el Instituto Andaluz de Patrimonio Histórico.\n\nhttps://www.boe.es/buscar/act.php?id=BOE-A-2007-14405',26),(189,'Decreto 550/2022, de 29 de noviembre, por el que se aprueba el Reglamento General de la Ley 7/2021, de 1 de diciembre, de impulso para la sostenibilidad del territorio de Andalucía.\n\nhttps://www.juntadeandalucia.es/boja/2022/232/6',26),(190,'Decreto 379/2009, de 1 de diciembre, por el que se modifica el decreto 4/1993, de 26 de enero. Reglamento de Organización Administrativa del Patrimonio Histórico de Andalucía.\n\nhttps://www.juntadeandalucia.es/boja/2009/244/46',26),(191,'Orden VIV/561/2010, de 1 de febrero, por la que se desarrolla el documento técnico de condiciones básicas de accesibilidad y no discriminación para el acceso y utilización de los espacios públicos urbanizados.\n\nhttps://www.boe.es/buscar/doc.php?id=BOE-A-2010-4057',26),(192,'ORDEN de 9 de enero de 2012, por la que se aprueban los modelos de fichas y tablas justificativas del Reglamento que regula las normas para la accesibilidad en las infraestructuras, el urbanismo, la edificación y el transporte en Andalucía.\n\nhttps://www.juntadeandalucia.es/boja/2012/12/2.html',26),(193,'Plan General de Ordenación Urbana de Córdoba.\n\nhttps://www.gmucordoba.es/urbanismo/plan-general-de-ordenacion-urbanistica-pgou',26),(194,'Plan Especial de Protección del Conjunto Histórico de Córdoba.\n\nhttps://www.gmucordoba.es/casco-historico/plan-especial-de-proteccion-del-casco-historico-pepch-01',26),(195,'Ordenanza Municipal sobre Supresión de Barreras Arquitectónicas, Urbanísticas, en el Transporte y en la Comunicación Sensorial.\n\nhttps://www.cordoba.es/sites/default/files/PDF/Ayuntamiento/ordenanzas_bandos_y_otros/ordenanzas-y-reglamentos-municipales-no-fiscales/via_publica/Ordenanza_municipal_sobre_supresion_de_barreras_arquitectonicas_urbanisticas_en_el_transporte_y_en_la_comunicacion_sensorial.pdf',26),(196,'Recomendación que define los Principios Internacionales que deberían aplicarse a las Excavaciones Arqueológicas. Nueva Delhi, India. 5 de diciembre de 1956.\n\nhttps://www.unesco.org/es/legal-affairs/recommendation-international-principles-applicable-archaeological-excavations',26),(197,'Convención sobre la Protección del Patrimonio Mundial, Cultural y Natural, de 16 de noviembre de 1972.\n\nhttps://patrimoniomundial.cultura.pe/patrimoniomundial/laconvencionde1972',26),(198,'Recomendación sobre la protección, en el ámbito nacional, del Patrimonio cultural y natural.\n\nhttps://www.unesco.org/es/legal-affairs/recommendation-concerning-protection-national-level-cultural-and-natural-heritage',26),(199,'Recomendación sobre el Intercambio Internacional de Bienes Culturales. Nairobi, Kenia. 26 de noviembre de 1976.\n\nhttps://www.unesco.org/es/legal-affairs/recommendation-concerning-international-exchange-cultural-property',26),(200,'Recomendación sobre la Protección de los Bienes Culturales Muebles. Paris, Francia. 28 de noviembre de 1978.\n\nhttps://www.unesco.org/es/legal-affairs/recommendation-protection-movable-cultural-property',26),(201,'Declaración de la UNESCO relativa a la destrucción intencional del patrimonio cultural, de 17 de octubre de 2003.\n\nhttps://www.unesco.org/es/legal-affairs/unesco-declaration-concerning-intentional-destruction-cultural-heritage',26),(202,'Recomendación relativa a la protección y promoción de los museos y colecciones, su diversidad y su función en la sociedad, 17 de noviembre de 2015.\n\nhttps://www.unesco.org/es/legal-affairs/recommendation-concerning-protection-and-promotion-museums-and-collections-their-diversity-and-their',26),(203,'Declaración Patrimonio de la Humanidad Medina Azahara.\n\nhttps://whc.unesco.org/en/list/1560/',26),(204,'Resolución (66) 20 del Comité de Ministros sobre la Rehabilitación de Monumentos (21 de marzo de 1966).\n\nhttps://search.coe.int/cm?i=09000016804f508d',26),(205,'Resolución (68) 11 del Comité de Ministros sobre Principios y Métodos de Conservación y Rehabilitación de Sitios y Conjuntos de Interés Histórico (29 de abril de 1968).\n\nhttps://search.coe.int/cm?i=09000016804bb7e6',26),(206,'Resolución (68) 12 del Comité de Ministros sobre la Conservación Activa de Sitios, Monumentos y Conjuntos de Interés Histórico o Artístico en el Marco de Ordenación del Territorio (29 de abril de 1968).\n\nhttps://search.coe.int/cm?i=09000016804bb7e6',26),(207,'Resolución (72) 21 del Comité de Ministros sobre el Establecimiento de Inventarios Nacionales de Monumentos, Conjuntos y Sitios Históricos y Artísticos (24 de mayo de 1972).\n\nhttps://rm.coe.int/native/09000016804e2562',26),(208,'Resolución de 16 de enero de 2001 del Parlamento Europeo sobre la Aplicación de la Convención sobre la Protección del Patrimonio Mundial, Cultural y Natural en los Estados de la Unión Europea.\n\nhttps://www.europarl.europa.eu/doceo/document/TA-5-2001-0005_EN.html\n\nhttps://eur-lex.europa.eu/resource.html?uri=cellar:b38fc89b-c072-4932-9e93-da04356df5d2.0004.01/DOC_20&format=PDF',26),(209,'Convenio Marco sobre el valor del patrimonio cultural para la sociedad, Faro, de 27 de octubre de 2005.\n\nhttps://rm.coe.int/16806a18d3',26),(210,'Directiva 2014/60/UE del Parlamento Europeo y del Consejo, de 15 de mayo de 2014, relativa a la restitución de bienes culturales que hayan salido de forma ilegal del territorio de un Estado miembro.\n\nhttps://www.boe.es/buscar/doc.php?id=DOUE-L-2014-81096',26),(211,'Real Decreto 620/1987, de 10 de abril por el que se aprueba el Reglamento de Museos de Titularidad Estatal y del Sistema Español de Museos.\n\nhttps://www.cultura.gob.es/mnceramica/dam/jcr:266b0143-226f-431c-be54-34c2fcb2f999/2-2-normativa-mte-y-sem-1987.pdf',26),(212,'Orden de 18 de mayo de 1994 para la reordenación de los museos de titularidad estatal adscritos al Ministerio de Cultura y ubicados en la Comunidad Autónoma de Andalucía.\n\nhttps://www.boe.es/buscar/act.php?id=BOE-A-1994-11604',26),(213,'Real Decreto 1305/2009, de 31 de julio, por el que se crea la Red de Museos de España.\n\nhttps://www.boe.es/buscar/act.php?id=BOE-A-2009-13761',26),(214,'Orden ECD/868/2015, de 5 de mayo, por la que se regula la visita pública a los museos de titularidad estatal adscritos y gestionados por el Ministerio de Educación, Cultura y Deporte y por el Instituto Nacional de las Artes Escénicas y de la Música.\n\nhttps://www.boe.es/diario_boe/txt.php?id=BOE-A-2015-5290',26),(215,'Ley 8/2007, de 5 de octubre, de Museos y Colecciones Museográficas de Andalucía.\n\nhttps://www.boe.es/buscar/pdf/2007/BOE-A-2007-18779-consolidado.pdf',26),(216,'Convención para la protección de los bienes culturales en caso de conflicto armado, de 14 de mayo de 1954.\n\nhttps://www.unesco.org/es/legal-affairs/convention-protection-cultural-property-event-armed-conflict-regulations-execution-convention',31),(217,'Recomendación sobre los medios más eficaces para hacer los Museos Accesibles a Todos. París, Francia. 14 de diciembre de 1960.\n\nhttps://www.unesco.org/es/legal-affairs/recommendation-concerning-most-effective-means-rendering-museums-accessible-everyone',31),(218,'Declaración de los principios de cooperación cultural internacional, de 4 de noviembre de 1966.\n\nhttps://www.unesco.org/es/legal-affairs/declaration-principles-international-cultural-co-operation',31),(219,'Recomendación sobre la conservación de bienes culturales que la ejecución de obras públicas o privadas pueda poner en peligro, de 19 de noviembre de 1968.\n\nhttps://www.unesco.org/es/legal-affairs/recommendation-concerning-preservation-cultural-property-endangered-public-or-private-works',31),(220,'Convención sobre las medidas que deben adoptarse para prohibir e impedir la importación, la exportación y la transferencia de propiedades ilícitas de bienes culturales, de 14 de noviembre de 1970.\n\nhttps://www.unesco.org/es/legal-affairs/convention-means-prohibiting-and-preventing-illicit-import-export-and-transfer-ownership-cultural',31),(221,'Recomendación relativa a la Salvaguardia de los Conjuntos Históricos o Tradicionales y su Función en la Vida Contemporánea. Nairobi, Kenia. 26 de noviembre de 1976.\n\nhttps://www.unesco.org/es/legal-affairs/recommendation-concerning-safeguarding-and-contemporary-role-historic-areas',31),(222,'Recomendación relativa a la Participación y la Contribución de las Masas Populares en la Vida Cultural. Nairobi, Kenia. 26 de noviembre de 1976.\n\nhttps://www.unesco.org/es/legal-affairs/recommendation-participation-people-large-cultural-life-and-their-contribution-it',31),(223,'Recomendación sobre la Conservación de los Bienes Culturales que la Ejecución de Obras Públicas o Privadas pueda poner en Peligro. París, Francia. 19 de noviembre de 1968.\n\nhttps://www.unesco.org/es/legal-affairs/recommendation-concerning-preservation-cultural-property-endangered-public-or-private-works',31),(224,'Declaración Universal de Derechos Culturales.\n\nhttps://www.unesco.org/es/legal-affairs/recommendation-concerning-preservation-cultural-property-endangered-public-or-private-works',31),(225,'Declaración de Córdoba como Ciudad. Patrimonio de la Humanidad por la UNESCO.\n\nhttps://whc.unesco.org/en/list/313/',31),(226,'Declaración Universal de Derechos Humanos.\n\nhttps://www.un.org/es/about-us/universal-declaration-of-human-rights',31),(227,'Convención Cultural Europea, Paris, de 19 de diciembre de 1954.\n\nhttps://www.coe.int/en/web/culture-and-heritage/european-cultural-convention',31),(228,'Resolución (86) 3, del Comité de Ministros, sobre cooperación cultural europea, de 23 de abril de 1986.\n\nhttps://redined.educacion.gob.es/xmlui/handle/11162/81666',31),(229,'Resolución (98) 4, del Comité de Ministros, sobre los itinerarios culturales del Consejo de Europa, de 17 de marzo de 1998.\n\nhttps://www.cultura.gob.es/dam/jcr:590c8c17-0eb5-48ba-b47f-5d42b5206dbd/itinerarios-culturales.pdf',31),(230,'Reglamento (UE) 2021/818 del Parlamento Europeo y del Consejo de 20 de mayo de 2021 por el que se establece el Programa Europa Creativa (2021 a 2027).\n\nhttps://www.boe.es/buscar/doc.php?id=DOUE-L-2021-80686',31),(231,'Carta de los Derechos Fundamentales de la Unión Europea.\n\nhttps://www.boe.es/doue/2010/083/Z00389-00403.pdf',31),(232,'Ley 16/1985 de Patrimonio Histórico Español.\n\nhttps://www.boe.es/buscar/act.php?id=BOE-A-1985-12534',31),(233,'Ley 23/1982, de 16 de junio, reguladora del Patrimonio Nacional. (Texto consolidado, ultima modificación: 31 de diciembre de 1997).\n\nhttps://www.boe.es/buscar/act.php?id=BOE-A-1982-15230',31),(234,'Real Decreto 111/1986 de desarrollo parcial de la Ley 16/1985.\n\nhttps://www.boe.es/buscar/act.php?id=BOE-A-1986-2277',31),(235,'Real Decreto 2568/1986, de 28 de noviembre, por el que se aprueba el Reglamento de Organización, Funcionamiento y Régimen Jurídico de las Entidades Locales.\n\nhttps://www.boe.es/buscar/act.php?id=BOE-A-1986-33252',31),(236,'Constitución Española. Art. 44.\n\nhttps://app.congreso.es/consti/constitucion/indice/titulos/articulos.jsp?ini=44&tipo=2',31),(237,'Ley 14/2007, de 26 de noviembre, del Patrimonio Histórico de Andalucía.\n\nhttps://www.boe.es/buscar/act.php?id=BOE-A-2008-2494',31),(238,'Ley de Ordenación Urbanística de Andalucía (Ley 7/2002).\n\nhttps://www.boe.es/diario_boe/txt.php?id=BOE-A-2012-2627',31),(239,'Catálogo General de Patrimonio Histórico Andaluz.\n\nhttps://www.juntadeandalucia.es/organismos/culturaydeporte/areas/cultura/bienes-culturales/catalogo-pha.html',31),(240,'Ley 5/2007, de 26 de junio, por la que se crea como entidad de derecho público el Instituto Andaluz de Patrimonio Histórico.\n\nhttps://www.boe.es/buscar/act.php?id=BOE-A-2007-14405',31),(241,'Decreto 550/2022, de 29 de noviembre, por el que se aprueba el Reglamento General de la Ley 7/2021, de 1 de diciembre, de impulso para la sostenibilidad del territorio de Andalucía.\n\nhttps://www.juntadeandalucia.es/boja/2022/232/6',31),(242,'Decreto 379/2009, de 1 de diciembre, por el que se modifica el decreto 4/1993, de 26 de enero. Reglamento de Organización Administrativa del Patrimonio Histórico de Andalucía.\n\nhttps://www.juntadeandalucia.es/boja/2009/244/46',31),(243,'Orden VIV/561/2010, de 1 de febrero, por la que se desarrolla el documento técnico de condiciones básicas de accesibilidad y no discriminación para el acceso y utilización de los espacios públicos urbanizados.\n\nhttps://www.boe.es/buscar/doc.php?id=BOE-A-2010-4057',31),(244,'ORDEN de 9 de enero de 2012, por la que se aprueban los modelos de fichas y tablas justificativas del Reglamento que regula las normas para la accesibilidad en las infraestructuras, el urbanismo, la edificación y el transporte en Andalucía.\n\nhttps://www.juntadeandalucia.es/boja/2012/12/2.html',31),(245,'Plan General de Ordenación Urbana de Córdoba.\n\nhttps://www.gmucordoba.es/urbanismo/plan-general-de-ordenacion-urbanistica-pgou',31),(246,'Plan Especial de Protección del Conjunto Histórico de Córdoba.\n\nhttps://www.gmucordoba.es/casco-historico/plan-especial-de-proteccion-del-casco-historico-pepch-01',31),(247,'Ordenanza Municipal sobre Supresión de Barreras Arquitectónicas, Urbanísticas, en el Transporte y en la Comunicación Sensorial.\n\nhttps://www.cordoba.es/sites/default/files/PDF/Ayuntamiento/ordenanzas_bandos_y_otros/ordenanzas-y-reglamentos-municipales-no-fiscales/via_publica/Ordenanza_municipal_sobre_supresion_de_barreras_arquitectonicas_urbanisticas_en_el_transporte_y_en_la_comunicacion_sensorial.pdf',31),(248,'Recomendación que define los Principios Internacionales que deberían aplicarse a las Excavaciones Arqueológicas. Nueva Delhi, India. 5 de diciembre de 1956.\n\nhttps://www.unesco.org/es/legal-affairs/recommendation-international-principles-applicable-archaeological-excavations',31),(249,'Convención sobre la Protección del Patrimonio Mundial, Cultural y Natural, de 16 de noviembre de 1972.\n\nhttps://patrimoniomundial.cultura.pe/patrimoniomundial/laconvencionde1972',31),(250,'Recomendación sobre la protección, en el ámbito nacional, del Patrimonio cultural y natural.\n\nhttps://www.unesco.org/es/legal-affairs/recommendation-concerning-protection-national-level-cultural-and-natural-heritage',31),(251,'Recomendación sobre el Intercambio Internacional de Bienes Culturales. Nairobi, Kenia. 26 de noviembre de 1976.\n\nhttps://www.unesco.org/es/legal-affairs/recommendation-concerning-international-exchange-cultural-property',31),(252,'Recomendación sobre la Protección de los Bienes Culturales Muebles. Paris, Francia. 28 de noviembre de 1978.\n\nhttps://www.unesco.org/es/legal-affairs/recommendation-protection-movable-cultural-property',31),(253,'Declaración de la UNESCO relativa a la destrucción intencional del patrimonio cultural, de 17 de octubre de 2003.\n\nhttps://www.unesco.org/es/legal-affairs/unesco-declaration-concerning-intentional-destruction-cultural-heritage',31),(254,'Recomendación relativa a la protección y promoción de los museos y colecciones, su diversidad y su función en la sociedad, 17 de noviembre de 2015.\n\nhttps://www.unesco.org/es/legal-affairs/recommendation-concerning-protection-and-promotion-museums-and-collections-their-diversity-and-their',31),(255,'Declaración Patrimonio de la Humanidad Medina Azahara.\n\nhttps://whc.unesco.org/en/list/1560/',31),(256,'Resolución (66) 20 del Comité de Ministros sobre la Rehabilitación de Monumentos (21 de marzo de 1966).\n\nhttps://search.coe.int/cm?i=09000016804f508d',31),(257,'Resolución (68) 11 del Comité de Ministros sobre Principios y Métodos de Conservación y Rehabilitación de Sitios y Conjuntos de Interés Histórico (29 de abril de 1968).\n\nhttps://search.coe.int/cm?i=09000016804bb7e6',31),(258,'Resolución (68) 12 del Comité de Ministros sobre la Conservación Activa de Sitios, Monumentos y Conjuntos de Interés Histórico o Artístico en el Marco de Ordenación del Territorio (29 de abril de 1968).\n\nhttps://search.coe.int/cm?i=09000016804bb7e6',31),(259,'Resolución (72) 21 del Comité de Ministros sobre el Establecimiento de Inventarios Nacionales de Monumentos, Conjuntos y Sitios Históricos y Artísticos (24 de mayo de 1972).\n\nhttps://rm.coe.int/native/09000016804e2562',31),(260,'Resolución de 16 de enero de 2001 del Parlamento Europeo sobre la Aplicación de la Convención sobre la Protección del Patrimonio Mundial, Cultural y Natural en los Estados de la Unión Europea.\n\nhttps://www.europarl.europa.eu/doceo/document/TA-5-2001-0005_EN.html\n\nhttps://eur-lex.europa.eu/resource.html?uri=cellar:b38fc89b-c072-4932-9e93-da04356df5d2.0004.01/DOC_20&format=PDF',31),(261,'Convenio Marco sobre el valor del patrimonio cultural para la sociedad, Faro, de 27 de octubre de 2005.\n\nhttps://rm.coe.int/16806a18d3',31),(262,'Directiva 2014/60/UE del Parlamento Europeo y del Consejo, de 15 de mayo de 2014, relativa a la restitución de bienes culturales que hayan salido de forma ilegal del territorio de un Estado miembro.\n\nhttps://www.boe.es/buscar/doc.php?id=DOUE-L-2014-81096',31),(263,'Real Decreto 620/1987, de 10 de abril por el que se aprueba el Reglamento de Museos de Titularidad Estatal y del Sistema Español de Museos.\n\nhttps://www.cultura.gob.es/mnceramica/dam/jcr:266b0143-226f-431c-be54-34c2fcb2f999/2-2-normativa-mte-y-sem-1987.pdf',31),(264,'Orden de 18 de mayo de 1994 para la reordenación de los museos de titularidad estatal adscritos al Ministerio de Cultura y ubicados en la Comunidad Autónoma de Andalucía.\n\nhttps://www.boe.es/buscar/act.php?id=BOE-A-1994-11604',31),(265,'Real Decreto 1305/2009, de 31 de julio, por el que se crea la Red de Museos de España.\n\nhttps://www.boe.es/buscar/act.php?id=BOE-A-2009-13761',31),(266,'Orden ECD/868/2015, de 5 de mayo, por la que se regula la visita pública a los museos de titularidad estatal adscritos y gestionados por el Ministerio de Educación, Cultura y Deporte y por el Instituto Nacional de las Artes Escénicas y de la Música.\n\nhttps://www.boe.es/diario_boe/txt.php?id=BOE-A-2015-5290',31),(267,'Ley 8/2007, de 5 de octubre, de Museos y Colecciones Museográficas de Andalucía.\n\nhttps://www.boe.es/buscar/pdf/2007/BOE-A-2007-18779-consolidado.pdf',31);
/*!40000 ALTER TABLE `report_norms` ENABLE KEYS */;
UNLOCK TABLES;

--
-- Table structure for table `report_photos`
--

DROP TABLE IF EXISTS `report_photos`;
/*!40101 SET @saved_cs_client     = @@character_set_client */;
/*!50503 SET character_set_client = utf8mb4 */;
CREATE TABLE `report_photos` (
  `id` int NOT NULL AUTO_INCREMENT,
  `photo` varchar(255) NOT NULL,
  `report_id` int NOT NULL,
  `description` text,
  PRIMARY KEY (`id`),
  KEY `report_id` (`report_id`),
  CONSTRAINT `report_photos_ibfk_1` FOREIGN KEY (`report_id`) REFERENCES `sustainability_reports` (`id`) ON DELETE CASCADE ON UPDATE CASCADE
) ENGINE=InnoDB AUTO_INCREMENT=15 DEFAULT CHARSET=utf8mb4 COLLATE=utf8mb4_0900_ai_ci;
/*!40101 SET character_set_client = @saved_cs_client */;

--
-- Dumping data for table `report_photos`
--

LOCK TABLES `report_photos` WRITE;
/*!40000 ALTER TABLE `report_photos` DISABLE KEYS */;
INSERT INTO `report_photos` VALUES (7,'/static/uploads/gallery/report_5_photo_85e3e11a-9b5d-468f-b0d5-7d04fcfe9d1c.jpg',5,'cabildo'),(8,'/static/uploads/gallery/report_5_photo_37d6e958-8b38-4975-8c30-67575db128df.jpeg',5,NULL),(10,'/static/uploads/gallery/report_5_photo_7992b415-a62c-42b6-8cf3-8eace205d3d5.jpg',5,NULL),(11,'/static\\uploads\\gallery\\report_26_photo_e9ee89f3-700e-40f8-b013-7d9c02f6d4e3.jpg',26,'cabildo'),(12,'/static\\uploads\\gallery\\report_26_photo_86d6b2ad-5d8e-4f75-87fa-2d4b5d0b2d5e.jpeg',26,NULL),(13,'/static\\uploads\\gallery\\report_26_photo_3ff5b2ea-ad87-4cd4-86ef-9fcd271624c5.jpg',26,NULL),(14,'/static/uploads/gallery/report_31_photo_02a61cd0-d04f-46ea-8125-ae76d2d18d9e.jpg',31,'Interior');
/*!40000 ALTER TABLE `report_photos` ENABLE KEYS */;
UNLOCK TABLES;

--
-- Table structure for table `secondary_ods_actions`
--

DROP TABLE IF EXISTS `secondary_ods_actions`;
/*!40101 SET @saved_cs_client     = @@character_set_client */;
/*!50503 SET character_set_client = utf8mb4 */;
CREATE TABLE `secondary_ods_actions` (
  `action_id` int NOT NULL,
  `specific_objective_id` int NOT NULL,
  `ods_id` int NOT NULL,
  PRIMARY KEY (`action_id`,`ods_id`),
  KEY `ods_id` (`ods_id`),
  KEY `specific_objective_id` (`specific_objective_id`),
  CONSTRAINT `secondary_ods_actions_ibfk_1` FOREIGN KEY (`action_id`) REFERENCES `actions` (`id`) ON DELETE CASCADE ON UPDATE CASCADE,
  CONSTRAINT `secondary_ods_actions_ibfk_2` FOREIGN KEY (`ods_id`) REFERENCES `ods` (`id`) ON DELETE CASCADE ON UPDATE CASCADE,
  CONSTRAINT `secondary_ods_actions_ibfk_3` FOREIGN KEY (`specific_objective_id`) REFERENCES `specific_objectives` (`id`) ON DELETE CASCADE ON UPDATE CASCADE
) ENGINE=InnoDB DEFAULT CHARSET=utf8mb4 COLLATE=utf8mb4_0900_ai_ci;
/*!40101 SET character_set_client = @saved_cs_client */;

--
-- Dumping data for table `secondary_ods_actions`
--

LOCK TABLES `secondary_ods_actions` WRITE;
/*!40000 ALTER TABLE `secondary_ods_actions` DISABLE KEYS */;
INSERT INTO `secondary_ods_actions` VALUES (1,1,11),(1,1,12),(5,7,7),(5,7,9),(5,7,11),(5,7,12),(6,7,1),(6,7,3),(6,7,6),(6,7,13),(7,8,11),(7,8,13),(7,8,15),(8,8,10),(9,9,2),(9,9,7),(98,108,11),(98,108,12),(102,113,7),(102,113,9),(102,113,11),(102,113,12),(103,113,1),(103,113,3),(103,113,6),(103,113,13),(104,114,11),(104,114,13),(104,114,15),(105,114,10),(106,115,2),(106,115,7),(107,116,8),(107,116,10),(107,116,12),(107,116,14),(108,117,10),(108,117,12),(109,118,9),(109,118,11),(110,119,10),(110,119,11),(110,119,13),(111,120,8),(111,120,11),(111,120,12),(114,123,13),(114,123,15),(119,128,4),(119,128,6),(119,128,13),(119,128,15),(128,137,3),(128,137,5),(128,137,7),(128,137,10),(128,137,13),(128,137,14);
/*!40000 ALTER TABLE `secondary_ods_actions` ENABLE KEYS */;
UNLOCK TABLES;

--
-- Table structure for table `secondary_ods_material_topics`
--

DROP TABLE IF EXISTS `secondary_ods_material_topics`;
/*!40101 SET @saved_cs_client     = @@character_set_client */;
/*!50503 SET character_set_client = utf8mb4 */;
CREATE TABLE `secondary_ods_material_topics` (
  `ods_id` int NOT NULL,
  `material_topic_id` int NOT NULL,
  PRIMARY KEY (`ods_id`,`material_topic_id`),
  KEY `material_topic_id` (`material_topic_id`),
  CONSTRAINT `secondary_ods_material_topics_ibfk_1` FOREIGN KEY (`material_topic_id`) REFERENCES `material_topics` (`id`) ON DELETE CASCADE ON UPDATE CASCADE,
  CONSTRAINT `secondary_ods_material_topics_ibfk_2` FOREIGN KEY (`ods_id`) REFERENCES `ods` (`id`) ON DELETE CASCADE ON UPDATE CASCADE
) ENGINE=InnoDB DEFAULT CHARSET=utf8mb4 COLLATE=utf8mb4_0900_ai_ci;
/*!40101 SET character_set_client = @saved_cs_client */;

--
-- Dumping data for table `secondary_ods_material_topics`
--

LOCK TABLES `secondary_ods_material_topics` WRITE;
/*!40000 ALTER TABLE `secondary_ods_material_topics` DISABLE KEYS */;
INSERT INTO `secondary_ods_material_topics` VALUES (12,1),(13,1),(1,2),(5,2),(8,2),(12,2),(13,2),(16,2),(6,3),(7,3),(9,3),(11,3),(12,3),(13,3),(15,3),(1,4),(2,4),(3,4),(5,4),(8,4),(9,4),(10,4),(11,4),(3,5),(6,5),(7,5),(8,5),(9,5),(11,5),(13,5),(14,5),(15,5),(3,6),(7,6),(11,6),(12,6),(13,6),(14,6),(15,6),(8,7),(9,7),(11,7),(13,7),(3,8),(6,8),(7,8),(9,8),(11,8),(12,8),(14,8),(15,8),(4,9),(5,9),(8,9),(9,9),(16,9),(4,10),(9,10),(14,10),(15,10),(1,11),(2,11),(3,11),(5,11),(10,11),(9,12),(10,12),(12,12),(16,12),(8,13),(9,13),(11,13),(12,13),(14,13),(15,13),(3,14),(4,14),(5,14),(10,14),(16,14),(1,15),(2,15),(3,15),(9,15),(10,15),(17,15),(4,16),(8,16),(10,16),(3,17),(10,17),(16,17),(17,17),(5,18),(8,18),(9,18),(10,18),(11,18),(12,18),(5,19),(10,19),(11,19),(17,19),(5,20),(9,20),(10,20),(11,20),(13,20),(16,20),(12,21),(13,21),(1,22),(5,22),(8,22),(12,22),(13,22),(16,22),(6,23),(7,23),(9,23),(11,23),(12,23),(13,23),(15,23),(3,24),(6,24),(7,24),(11,24),(12,24),(13,24),(14,24),(1,25),(2,25),(3,25),(5,25),(8,25),(10,25),(11,25),(3,26),(6,26),(7,26),(8,26),(9,26),(11,26),(13,26),(14,26),(15,26),(3,27),(7,27),(11,27),(12,27),(13,27),(14,27),(15,27),(8,28),(9,28),(11,28),(13,28),(3,29),(6,29),(7,29),(11,29),(12,29),(13,29),(3,30),(6,30),(7,30),(9,30),(11,30),(12,30),(14,30),(15,30),(4,31),(5,31),(8,31),(9,31),(16,31),(4,32),(9,32),(14,32),(15,32),(1,33),(2,33),(3,33),(5,33),(10,33),(11,33),(9,34),(10,34),(12,34),(16,34),(8,36),(9,36),(11,36),(12,36),(14,36),(15,36),(3,37),(4,37),(5,37),(10,37),(16,37),(1,38),(2,38),(3,38),(9,38),(10,38),(17,38),(4,39),(8,39),(10,39),(3,40),(10,40),(16,40),(17,40),(5,41),(8,41),(9,41),(10,41),(11,41),(12,41),(5,42),(10,42),(11,42),(17,42),(5,43),(9,43),(10,43),(11,43),(13,43),(16,43),(12,94),(13,94),(1,95),(5,95),(8,95),(12,95),(13,95),(16,95),(6,96),(7,96),(9,96),(11,96),(12,96),(13,96),(15,96),(3,97),(6,97),(7,97),(11,97),(12,97),(13,97),(14,97),(1,98),(2,98),(3,98),(5,98),(8,98),(10,98),(11,98),(3,99),(6,99),(7,99),(8,99),(9,99),(11,99),(13,99),(14,99),(15,99),(3,100),(7,100),(11,100),(12,100),(13,100),(14,100),(15,100),(8,101),(9,101),(11,101),(13,101),(3,102),(6,102),(7,102),(11,102),(12,102),(13,102),(3,103),(6,103),(7,103),(9,103),(11,103),(12,103),(14,103),(15,103),(4,104),(5,104),(8,104),(9,104),(16,104),(4,105),(9,105),(14,105),(15,105),(1,106),(2,106),(3,106),(5,106),(10,106),(11,106),(9,107),(10,107),(12,107),(16,107),(8,108),(9,108),(11,108),(12,108),(14,108),(15,108),(3,109),(4,109),(5,109),(10,109),(16,109),(1,110),(2,110),(3,110),(9,110),(10,110),(17,110),(4,111),(8,111),(10,111),(3,112),(10,112),(16,112),(17,112),(5,113),(8,113),(9,113),(10,113),(11,113),(12,113),(5,114),(10,114),(11,114),(17,114),(5,115),(9,115),(10,115),(11,115),(13,115),(16,115),(12,116),(13,116),(1,117),(5,117),(8,117),(12,117),(13,117),(16,117),(6,118),(7,118),(9,118),(11,118),(12,118),(13,118),(15,118),(1,119),(2,119),(3,119),(5,119),(8,119),(9,119),(10,119),(11,119),(3,120),(6,120),(7,120),(8,120),(9,120),(11,120),(13,120),(14,120),(15,120),(3,121),(7,121),(11,121),(12,121),(13,121),(14,121),(15,121),(8,122),(9,122),(11,122),(13,122),(3,123),(6,123),(7,123),(9,123),(11,123),(12,123),(14,123),(15,123),(4,124),(5,124),(8,124),(9,124),(16,124),(4,125),(9,125),(14,125),(15,125),(1,126),(2,126),(3,126),(5,126),(10,126),(9,127),(10,127),(12,127),(16,127),(8,128),(9,128),(11,128),(12,128),(14,128),(15,128),(3,129),(4,129),(5,129),(10,129),(16,129),(1,130),(2,130),(3,130),(9,130),(10,130),(17,130),(4,131),(8,131),(10,131),(3,132),(10,132),(16,132),(17,132),(5,133),(8,133),(9,133),(10,133),(11,133),(12,133),(5,134),(10,134),(11,134),(17,134),(5,135),(9,135),(10,135),(11,135),(13,135),(16,135),(12,136),(13,136),(1,137),(5,137),(8,137),(12,137),(13,137),(16,137),(6,138),(7,138),(9,138),(11,138),(12,138),(13,138),(15,138),(3,139),(6,139),(7,139),(11,139),(12,139),(13,139),(14,139),(1,140),(2,140),(3,140),(5,140),(8,140),(10,140),(11,140),(3,141),(6,141),(7,141),(8,141),(9,141),(11,141),(13,141),(14,141),(15,141),(3,142),(7,142),(11,142),(12,142),(13,142),(14,142),(15,142),(8,143),(9,143),(11,143),(13,143),(3,144),(6,144),(7,144),(11,144),(12,144),(13,144),(3,145),(6,145),(7,145),(9,145),(11,145),(12,145),(14,145),(15,145),(4,146),(5,146),(8,146),(9,146),(16,146),(4,147),(9,147),(14,147),(15,147),(1,148),(2,148),(3,148),(5,148),(10,148),(11,148),(9,149),(10,149),(12,149),(16,149),(8,150),(9,150),(11,150),(12,150),(14,150),(15,150),(3,151),(4,151),(5,151),(10,151),(16,151),(1,152),(2,152),(3,152),(9,152),(10,152),(17,152),(4,153),(8,153),(10,153),(3,154),(10,154),(16,154),(17,154),(5,155),(8,155),(9,155),(10,155),(11,155),(12,155),(5,156),(10,156),(11,156),(17,156),(5,157),(9,157),(10,157),(11,157),(13,157),(16,157);
/*!40000 ALTER TABLE `secondary_ods_material_topics` ENABLE KEYS */;
UNLOCK TABLES;

--
-- Table structure for table `specific_objectives`
--

DROP TABLE IF EXISTS `specific_objectives`;
/*!40101 SET @saved_cs_client     = @@character_set_client */;
/*!50503 SET character_set_client = utf8mb4 */;
CREATE TABLE `specific_objectives` (
  `id` int NOT NULL AUTO_INCREMENT,
  `description` text NOT NULL,
  `execution_time` varchar(100) DEFAULT NULL,
  `responsible` varchar(255) DEFAULT NULL,
  `material_topic_id` int NOT NULL,
  PRIMARY KEY (`id`),
  KEY `material_topic_id` (`material_topic_id`),
  CONSTRAINT `specific_objectives_ibfk_1` FOREIGN KEY (`material_topic_id`) REFERENCES `material_topics` (`id`) ON DELETE CASCADE ON UPDATE CASCADE
) ENGINE=InnoDB AUTO_INCREMENT=160 DEFAULT CHARSET=utf8mb4 COLLATE=utf8mb4_0900_ai_ci;
/*!40101 SET character_set_client = @saved_cs_client */;

--
-- Dumping data for table `specific_objectives`
--

LOCK TABLES `specific_objectives` WRITE;
/*!40000 ALTER TABLE `specific_objectives` DISABLE KEYS */;
INSERT INTO `specific_objectives` VALUES (1,'Nuevo objetivo 1','Corto plazo','Manuel',1),(2,'NUevo objetivo 2\n','Medio Plazo','Dolores',1),(3,'Nuevo objetivo 3','Largo plazo','',1),(4,'Nuevo objetivo 4','Medio plazo','',1),(6,'Este objetivo tiene como finalidad ser largo para que abarque lo máximo. Este objetivo tiene como finalidad ser largo para que abarque lo máximo. Este objetivo tiene como finalidad ser largo para que abarque lo máximo. Este objetivo tiene como finalidad ser largo para que abarque lo máximo. ','es un tiempo de ejecución muy muy muy muy muy muy largo','',1),(7,'asdass','dd','Manuel',4),(8,'sdsa','asdasd','Rodrigo',4),(9,'otro mas','msd',NULL,4),(10,'Objetivo Asunto Difusión y sensibilización',NULL,NULL,21),(11,'Objetivo Asunto Formación',NULL,NULL,22),(12,'Objetivo Asunto Salud pública',NULL,NULL,23),(13,'Objetivo Asunto Biodiversidad',NULL,NULL,24),(14,'Objetivo Asunto Contratación de servicios',NULL,NULL,25),(15,'Objetivo Asunto Economía circular y gestión de residuos',NULL,NULL,26),(16,'Objetivo Asunto Gestión sostenible del recurso hídrico',NULL,NULL,27),(17,'Objetivo Asunto Gestión sostenible de equipamientos y mobiliario',NULL,NULL,28),(18,'Objetivo Asunto Sanidad vegetal',NULL,NULL,29),(19,'Objetivo Asunto Transición energética y cambio climático',NULL,NULL,30),(20,'Objetivo Asunto Accesibilidad e inclusión',NULL,NULL,31),(21,'Objetivo Asunto Conservación, protección y salvaguarda del patrimonio',NULL,NULL,32),(22,'Objetivo Asunto Empleo y condiciones laborales',NULL,NULL,33),(23,'Objetivo Asunto Gestión económica sostenible',NULL,NULL,34),(24,'Objetivo Asunto Gestión sostenible del turismo',NULL,NULL,36),(25,'Objetivo Asunto Igualdad de oportunidades',NULL,NULL,37),(26,'Objetivo Asunto Inversión y financiación',NULL,NULL,38),(27,'Objetivo Asunto Transformación digital',NULL,NULL,39),(28,'Objetivo Asunto Usuarios, usuarias y comunidad local',NULL,NULL,40),(29,'Objetivo Asunto Gestión ética, buen gobierno y transparencia',NULL,NULL,41),(30,'Objetivo Asunto Participación ciudadana',NULL,NULL,42),(31,'Objetivo Asunto Alianzas y colaboraciones público-privadas',NULL,NULL,43),(86,'Objetivo Asunto Difusión y sensibilización',NULL,NULL,94),(87,'Objetivo Asunto Formación',NULL,NULL,95),(88,'Objetivo Asunto Salud pública',NULL,NULL,96),(89,'Objetivo Asunto Biodiversidad',NULL,NULL,97),(90,'Objetivo Asunto Contratación de servicios',NULL,NULL,98),(91,'Objetivo Asunto Economía circular y gestión de residuos',NULL,NULL,99),(92,'Objetivo Asunto Gestión sostenible del recurso hídrico',NULL,NULL,100),(93,'Objetivo Asunto Gestión sostenible de equipamientos y mobiliario',NULL,NULL,101),(94,'Objetivo Asunto Sanidad vegetal',NULL,NULL,102),(95,'Objetivo Asunto Transición energética y cambio climático',NULL,NULL,103),(96,'Objetivo Asunto Accesibilidad e inclusión',NULL,NULL,104),(97,'Objetivo Asunto Conservación, protección y salvaguarda del patrimonio',NULL,NULL,105),(98,'Objetivo Asunto Empleo y condiciones laborales',NULL,NULL,106),(99,'Objetivo Asunto Gestión económica sostenible',NULL,NULL,107),(100,'Objetivo Asunto Gestión sostenible del turismo',NULL,NULL,108),(101,'Objetivo Asunto Igualdad de oportunidades',NULL,NULL,109),(102,'Objetivo Asunto Inversión y financiación',NULL,NULL,110),(103,'Objetivo Asunto Transformación digital',NULL,NULL,111),(104,'Objetivo Asunto Usuarios, usuarias y comunidad local',NULL,NULL,112),(105,'Objetivo Asunto Gestión ética, buen gobierno y transparencia',NULL,NULL,113),(106,'Objetivo Asunto Participación ciudadana',NULL,NULL,114),(107,'Objetivo Asunto Alianzas y colaboraciones público-privadas',NULL,NULL,115),(108,'Nuevo objetivo 1','Corto plazo','Manuel',116),(109,'NUevo objetivo 2\n','Medio Plazo','',116),(110,'Nuevo objetivo 3','Largo plazo','',116),(111,'Nuevo objetivo 4','Medio plazo','',116),(112,'Este objetivo tiene como finalidad ser largo para que abarque lo máximo. Este objetivo tiene como finalidad ser largo para que abarque lo máximo. Este objetivo tiene como finalidad ser largo para que abarque lo máximo. Este objetivo tiene como finalidad ser largo para que abarque lo máximo. ','es un tiempo de ejecución muy muy muy muy muy muy largo','',116),(113,'asdass','dd','Manuel',119),(114,'sdsa','asdasd','Rodrigo',119),(115,'otro mas','msd',NULL,119),(116,'Objetivo Asunto Difusión y sensibilización',NULL,NULL,136),(117,'Objetivo Asunto Formación',NULL,NULL,137),(118,'Objetivo Asunto Salud pública',NULL,NULL,138),(119,'Objetivo Asunto Biodiversidad',NULL,NULL,139),(120,'Objetivo Asunto Contratación de servicios',NULL,NULL,140),(121,'Objetivo Asunto Economía circular y gestión de residuos',NULL,NULL,141),(122,'Objetivo Asunto Gestión sostenible del recurso hídrico',NULL,NULL,142),(123,'Objetivo Asunto Gestión sostenible de equipamientos y mobiliario',NULL,NULL,143),(124,'Objetivo Asunto Sanidad vegetal',NULL,NULL,144),(125,'Objetivo Asunto Transición energética y cambio climático',NULL,NULL,145),(126,'Objetivo Asunto Accesibilidad e inclusión',NULL,NULL,146),(127,'Objetivo Asunto Conservación, protección y salvaguarda del patrimonio',NULL,NULL,147),(128,'Objetivo Asunto Empleo y condiciones laborales',NULL,NULL,148),(129,'Objetivo Asunto Gestión económica sostenible',NULL,NULL,149),(130,'Objetivo Asunto Gestión sostenible del turismo',NULL,NULL,150),(131,'Objetivo Asunto Igualdad de oportunidades',NULL,NULL,151),(132,'Objetivo Asunto Inversión y financiación',NULL,NULL,152),(133,'Objetivo Asunto Transformación digital',NULL,NULL,153),(134,'Objetivo Asunto Usuarios, usuarias y comunidad local',NULL,NULL,154),(135,'Objetivo Asunto Gestión ética, buen gobierno y transparencia',NULL,NULL,155),(136,'Objetivo Asunto Participación ciudadana',NULL,NULL,156),(137,'Objetivo Asunto Alianzas y colaboraciones público-privadas',NULL,NULL,157);
/*!40000 ALTER TABLE `specific_objectives` ENABLE KEYS */;
UNLOCK TABLES;

--
-- Table structure for table `stakeholders`
--

DROP TABLE IF EXISTS `stakeholders`;
/*!40101 SET @saved_cs_client     = @@character_set_client */;
/*!50503 SET character_set_client = utf8mb4 */;
CREATE TABLE `stakeholders` (
  `id` int NOT NULL AUTO_INCREMENT,
  `name` varchar(255) NOT NULL,
  `description` text NOT NULL,
  `type` enum('internal','external') NOT NULL,
  `report_id` int NOT NULL,
  PRIMARY KEY (`id`),
  KEY `report_id` (`report_id`),
  CONSTRAINT `stakeholders_ibfk_1` FOREIGN KEY (`report_id`) REFERENCES `sustainability_reports` (`id`) ON DELETE CASCADE ON UPDATE CASCADE
) ENGINE=InnoDB AUTO_INCREMENT=66 DEFAULT CHARSET=utf8mb4 COLLATE=utf8mb4_0900_ai_ci;
/*!40101 SET character_set_client = @saved_cs_client */;

--
-- Dumping data for table `stakeholders`
--

LOCK TABLES `stakeholders` WRITE;
/*!40000 ALTER TABLE `stakeholders` DISABLE KEYS */;
INSERT INTO `stakeholders` VALUES (2,'Interno de gestión de sostenibilidad','Para los del equipo de sostenibilidad.','internal',5),(3,'Trabajadores','Aquellos que forman parte del trabajo en el recurso','internal',5),(4,'Visitantes','Personas que visiten el monumento','external',5),(5,'Persona empleada ','Empleados del recurso patrimonial','internal',9),(6,'Empresa proveedora ','Empresa proovedora del recurso patrimonial','external',9),(7,'Negocio relacionado con el turismo o la hostelería','Negocio relacionado con el turismo o la hostelería','external',9),(8,'Guía turístico o intérprete del patrimonio','Guía turístico o intérprete del patrimonio','external',9),(9,'Administración pública (personal técnico y autoridades)','Administración pública (personal técnico y autoridades)','external',9),(10,'Organismo o institución relacionada con la cultura y el patrimonio','Organismo o institución relacionada con la cultura y el patrimonio','external',9),(11,'Asociación o fundación social sin ánimo de lucro','Asociación o fundación social sin ánimo de lucro','external',9),(12,'Universidad y mundo académico','Universidad y mundo académico','external',9),(13,'Persona gestora o técnica de otro recurso patrimonial','Persona gestora o técnica de otro recurso patrimonial','external',9),(14,'Resido en Córdoba','Resido en Córdoba','external',9),(15,'Visitante','Visitante','external',9),(30,'Persona empleada ','Empleados del recurso patrimonial','internal',25),(31,'Empresa proveedora ','Empresa proovedora del recurso patrimonial','external',25),(32,'Negocio relacionado con el turismo o la hostelería','Negocio relacionado con el turismo o la hostelería','external',25),(33,'Guía turístico o intérprete del patrimonio','Guía turístico o intérprete del patrimonio','external',25),(34,'Administración pública (personal técnico y autoridades)','Administración pública (personal técnico y autoridades)','external',25),(35,'Organismo o institución relacionada con la cultura y el patrimonio','Organismo o institución relacionada con la cultura y el patrimonio','external',25),(36,'Asociación o fundación social sin ánimo de lucro','Asociación o fundación social sin ánimo de lucro','external',25),(37,'Universidad y mundo académico','Universidad y mundo académico','external',25),(38,'Persona gestora o técnica de otro recurso patrimonial','Persona gestora o técnica de otro recurso patrimonial','external',25),(39,'Resido en Córdoba','Resido en Córdoba','external',25),(40,'Visitante','Visitante','external',25),(41,'Interno de gestión de sostenibilidad','Para los del equipo de sostenibilidad.','internal',26),(42,'Trabajadores','Aquellos que forman parte del trabajo en el recurso','internal',26),(43,'Visitantes','Personas que visiten el monumento','external',26),(44,'Persona empleada ','Empleados del recurso patrimonial','internal',31),(45,'Empresa proveedora ','Empresa proovedora del recurso patrimonial','external',31),(46,'Negocio relacionado con el turismo o la hostelería','Negocio relacionado con el turismo o la hostelería','external',31),(47,'Guía turístico o intérprete del patrimonio','Guía turístico o intérprete del patrimonio','external',31),(48,'Administración pública (personal técnico y autoridades)','Administración pública (personal técnico y autoridades)','external',31),(49,'Organismo o institución relacionada con la cultura y el patrimonio','Organismo o institución relacionada con la cultura y el patrimonio','external',31),(50,'Asociación o fundación social sin ánimo de lucro','Asociación o fundación social sin ánimo de lucro','external',31),(51,'Universidad y mundo académico','Universidad y mundo académico','external',31),(52,'Persona gestora o técnica de otro recurso patrimonial','Persona gestora o técnica de otro recurso patrimonial','external',31),(53,'Resido en Córdoba','Resido en Córdoba','external',31),(54,'Visitante','Visitante','external',31);
/*!40000 ALTER TABLE `stakeholders` ENABLE KEYS */;
UNLOCK TABLES;

--
-- Table structure for table `sustainability_reports`
--

DROP TABLE IF EXISTS `sustainability_reports`;
/*!40101 SET @saved_cs_client     = @@character_set_client */;
/*!50503 SET character_set_client = utf8mb4 */;
CREATE TABLE `sustainability_reports` (
  `id` int NOT NULL AUTO_INCREMENT,
  `heritage_resource_id` int NOT NULL,
  `year` int NOT NULL,
  `state` enum('Draft','Published') NOT NULL,
  `observation` text NOT NULL,
  `cover_photo` varchar(255) DEFAULT NULL,
  `commitment_letter` text,
  `mission` text,
  `vision` text,
  `values` text,
  `org_chart_text` text,
  `org_chart_figure` varchar(255) DEFAULT NULL,
  `diagnosis_description` text,
  `scale` int NOT NULL,
  `main_impact_weight` decimal(5,2) DEFAULT NULL,
  `secondary_impact_weight` decimal(5,2) DEFAULT NULL,
  `roadmap_description` text,
  `data_tables_text` text,
  `permissions` int NOT NULL,
  `survey_state` enum('active','inactive') NOT NULL,
  `materiality_text` text,
  `materiality_matrix_text` text,
  `diffusion_text` text,
  `template` tinyint(1) NOT NULL,
  `main_secondary_impacts_text` text,
  `stakeholders_description` text,
  `published_report` text,
  `action_plan_text` text,
  `internal_consistency_description` text,
  PRIMARY KEY (`id`),
  KEY `heritage_resource_id` (`heritage_resource_id`),
  CONSTRAINT `sustainability_reports_ibfk_1` FOREIGN KEY (`heritage_resource_id`) REFERENCES `heritage_resources` (`id`) ON DELETE CASCADE ON UPDATE CASCADE
) ENGINE=InnoDB AUTO_INCREMENT=35 DEFAULT CHARSET=utf8mb4 COLLATE=utf8mb4_0900_ai_ci;
/*!40101 SET character_set_client = @saved_cs_client */;

--
-- Dumping data for table `sustainability_reports`
--

LOCK TABLES `sustainability_reports` WRITE;
/*!40000 ALTER TABLE `sustainability_reports` DISABLE KEYS */;
INSERT INTO `sustainability_reports` VALUES (5,15,2024,'Published','','/static/uploads/covers/report_5_cover_546a82c4-9dfd-46df-8865-e21f22109a3c.jpg','<p>Carta par ael compromiso</p>','<p>La Mezquita-Catedral es un símbolo de la convergencia cultural, histórica y espiritual que trasciende el tiempo. Su misión es preservar y promover el legado arquitectónico, artístico y religioso que representa, fomentando el entendimiento intercultural y el respeto mutuo entre las distintas tradiciones que han dado forma a su esencia. A través de la conservación del patrimonio, la difusión del conocimiento y la apertura al diálogo, la Mezquita-Catedral busca inspirar a visitantes de todo el mundo, conectándolos con la riqueza de su historia y el poder transformador de la fe y la cultura.  </p>','<p>La visión de la Mezquita-Catedral es consolidarse como un referente universal de diálogo cultural, espiritual y patrimonial, proyectando su esencia única como un símbolo de coexistencia y diversidad. Se aspira a convertirla en un espacio de reflexión y encuentro que invite a los visitantes a profundizar en el legado histórico y artístico que une a Oriente y Occidente, a través de una estructura que fusiona la magnificencia islámica con la majestuosidad cristiana.</p><p>En este sentido, se propone fomentar un modelo de gestión sostenible que integre la preservación del patrimonio con el desarrollo cultural, potenciando actividades educativas, artísticas y espirituales que resalten la riqueza multicultural de la Mezquita-Catedral. Asimismo, se busca fortalecer la conexión con la comunidad local, posicionándola como un epicentro de inspiración y aprendizaje, donde la historia cobra vida a través de experiencias inmersivas que invitan a explorar los valores universales de tolerancia, respeto y convivencia pacífica.</p><p>A largo plazo, la Mezquita-Catedral aspira a ser reconocida no solo como un monumento arquitectónico excepcional, sino como un faro de unión entre civilizaciones, un puente entre pasados aparentemente irreconciliables y un testimonio vivo del poder transformador del entendimiento humano.</p>','<h3><strong>Valores de la Mezquita-Catedral</strong></h3><ol><li><p><strong>Patrimonio y Preservación:</strong> Compromiso con la conservación y protección del legado arquitectónico, artístico y cultural, asegurando que las generaciones futuras puedan apreciar la riqueza histórica de la Mezquita-Catedral.</p></li><li><p><strong>Diversidad y Convivencia:</strong> Promoción del respeto y la comprensión entre culturas y religiones, destacando la Mezquita-Catedral como un símbolo vivo de coexistencia pacífica entre diferentes tradiciones espirituales.</p></li><li><p><strong>Educación y Difusión Cultural:</strong> Impulso al conocimiento a través de actividades educativas, investigaciones y programas de divulgación que acerquen a los visitantes al contexto histórico y cultural del monumento.</p></li><li><p><strong>Espiritualidad y Reflexión:</strong> Creación de un entorno propicio para la reflexión espiritual, invitando a todos los visitantes a conectar con la esencia sagrada del espacio, más allá de credos y creencias.</p></li><li><p><strong>Innovación Sostenible:</strong> Integración de prácticas sostenibles en la gestión y mantenimiento del monumento, priorizando el uso responsable de los recursos y la implementación de tecnologías que respeten el entorno.</p></li><li><p><strong>Accesibilidad e Inclusión:</strong> Fomento de un espacio accesible para todos, eliminando barreras físicas y culturales que permitan a cada visitante experimentar plenamente la riqueza patrimonial de la Mezquita-Catedral.</p></li><li><p><strong>Integridad y Transparencia:</strong> Gestión ética y transparente en todas las actividades, garantizando el respeto a la historia, la cultura y la espiritualidad que la Mezquita-Catedral representa.</p></li></ol>',NULL,'/static/uploads/organization_charts/report_5_organization_chart_4091194f-75c4-47f0-b8cf-052e5112fcae.jpg','<p>Esta es la descripciónnn</p>',7,3.00,1.00,'<p>Escribe aquí la descripción de la hoja de ruta y sus objetivos principales....</p>',NULL,520093440,'active',NULL,NULL,'<p>Escribe aquí la información sobre la difusión del reporte...</p>',0,'<p>Escribe aquí el texto de impactos principales y secundarios...</p>',NULL,NULL,NULL,NULL),(6,15,2025,'Draft','','/static/uploads/covers/report_6_cover_abc01f04-e2f2-4f33-a6d7-3f0e1d148352.jpg',NULL,NULL,NULL,NULL,NULL,NULL,NULL,0,1.00,1.00,NULL,NULL,0,'inactive',NULL,NULL,NULL,0,NULL,NULL,NULL,NULL,NULL),(7,16,2025,'Draft','',NULL,NULL,NULL,NULL,NULL,NULL,NULL,NULL,0,1.00,1.00,NULL,NULL,64512,'inactive',NULL,NULL,NULL,0,NULL,NULL,NULL,NULL,NULL),(8,17,2025,'Draft','',NULL,NULL,NULL,NULL,NULL,NULL,NULL,NULL,0,1.00,1.00,NULL,NULL,0,'active',NULL,NULL,NULL,0,NULL,NULL,NULL,NULL,NULL),(9,18,2025,'Draft','',NULL,'<p>Nos complace expresar nuestro compromiso firme con la sostenibilidad y los Objetivos de Desarrollo</p><p>Sostenible (ODS) de Naciones Unidas. Como [título/puesto] de [institución/organización], me es grato</p><p>comunicarle nuestra determinación de contribuir activamente al avance hacia un mundo más equitativo,</p><p>próspero y sostenible para las generaciones presentes y futuras.</p><p></p><p>Reconociendo la urgencia de los desafíos ambientales, sociales y económicos con que nos enfrentamos</p><p>a nivel global, nos comprometemos a alinear nuestras operaciones y decisiones con los principios de</p><p>sostenibilidad y los ODS. A través de este compromiso, buscamos integrar prácticas responsables en</p><p>todas las áreas de nuestra [institución/organización] y maximizar nuestro impacto positivo en la sociedad</p><p>y el medioambiente.</p><p></p><p>Nuestros compromisos específicos incluyen:</p><ol><li><p>Integrar la sostenibilidad en nuestra estrategia: revisaremos y ajustaremos nuestra estrategia corporativa para asegurarnos de que esté alineada con los ODS y con las mejores prácticas de sostenibilidad en nuestro sector </p></li><li><p>Gestión responsable de recursos: implementaremos medidas para reducir nuestro consumo de recursos naturales, minimizar residuos y promover la economía circular en nuestras operaciones.</p></li><li><p>Acción climática: reduciremos nuestras emisiones de gases de efecto invernadero y buscaremos fuentes de energía renovable para disminuir nuestro impacto ambiental.</p></li><li><p>Diversidad e inclusión: fomentaremos un entorno diverso e inclusivo dentro de nuestra organización, promoviendo la igualdad de oportunidades para todas las personas y rechazando cualquier forma de discriminación.</p></li><li><p>Responsabilidad social: colaboraremos con comunidades locales para apoyar proyectos que beneficien a la sociedad, como la educación, el acceso a la salud y el desarrollo comunitario.</p></li><li><p>Educación y concienciación: promoveremos la educación y la concienciación pública sobre la importancia del patrimonio cultural, su historia y su valor intrínseco para nuestras comunidades.</p></li><li><p>Transparencia y rendición de cuentas: informaremos regularmente sobre nuestros avances en sostenibilidad, compartiendo nuestros logros y desafíos de manera transparente.</p></li></ol><p></p><p>Este compromiso no es simplemente una declaración de intenciones, sino que implicará un plan de acción concreto que guiará nuestras decisiones y esfuerzos a largo plazo. Reconocemos que el compromiso con la sostenibilidad es continuo y requiere esfuerzo constante. Es nuestro deseo colaborar con otras organizaciones, socios y actores clave para lograr un impacto colectivo significativo en la consecución de los ODS.</p><p></p><p>Agradecemos su apoyo en esta empresa y esperamos poder compartir nuestros avances con usted en el futuro. Juntos, podemos forjar un mundo más sostenible y resiliente.</p><p></p><p>Atentamente,</p><p></p><p>Persona responsable de la gestión del recurso patrimonial</p><p>Lugar y fecha</p>','<p>Texto para la misión.</p>',NULL,NULL,NULL,NULL,NULL,7,3.00,1.00,NULL,NULL,856031233,'active',NULL,NULL,NULL,1,NULL,NULL,NULL,NULL,NULL),(12,17,2026,'Draft','<p>EJEMPLO</p>',NULL,NULL,NULL,NULL,NULL,NULL,NULL,NULL,5,1.00,1.00,NULL,NULL,0,'inactive',NULL,NULL,NULL,0,NULL,NULL,NULL,NULL,NULL),(25,16,2026,'Draft','',NULL,'<p>Nos complace expresar nuestro compromiso firme con la sostenibilidad y los Objetivos de Desarrollo</p><p>Sostenible (ODS) de Naciones Unidas. Como [título/puesto] de [institución/organización], me es grato</p><p>comunicarle nuestra determinación de contribuir activamente al avance hacia un mundo más equitativo,</p><p>próspero y sostenible para las generaciones presentes y futuras.</p><p></p><p>Reconociendo la urgencia de los desafíos ambientales, sociales y económicos con que nos enfrentamos</p><p>a nivel global, nos comprometemos a alinear nuestras operaciones y decisiones con los principios de</p><p>sostenibilidad y los ODS. A través de este compromiso, buscamos integrar prácticas responsables en</p><p>todas las áreas de nuestra [institución/organización] y maximizar nuestro impacto positivo en la sociedad</p><p>y el medioambiente.</p><p></p><p>Nuestros compromisos específicos incluyen:</p><ol><li><p>Integrar la sostenibilidad en nuestra estrategia: revisaremos y ajustaremos nuestra estrategia corporativa para asegurarnos de que esté alineada con los ODS y con las mejores prácticas de sostenibilidad en nuestro sector </p></li><li><p>Gestión responsable de recursos: implementaremos medidas para reducir nuestro consumo de recursos naturales, minimizar residuos y promover la economía circular en nuestras operaciones.</p></li><li><p>Acción climática: reduciremos nuestras emisiones de gases de efecto invernadero y buscaremos fuentes de energía renovable para disminuir nuestro impacto ambiental.</p></li><li><p>Diversidad e inclusión: fomentaremos un entorno diverso e inclusivo dentro de nuestra organización, promoviendo la igualdad de oportunidades para todas las personas y rechazando cualquier forma de discriminación.</p></li><li><p>Responsabilidad social: colaboraremos con comunidades locales para apoyar proyectos que beneficien a la sociedad, como la educación, el acceso a la salud y el desarrollo comunitario.</p></li><li><p>Educación y concienciación: promoveremos la educación y la concienciación pública sobre la importancia del patrimonio cultural, su historia y su valor intrínseco para nuestras comunidades.</p></li><li><p>Transparencia y rendición de cuentas: informaremos regularmente sobre nuestros avances en sostenibilidad, compartiendo nuestros logros y desafíos de manera transparente.</p></li></ol><p></p><p>Este compromiso no es simplemente una declaración de intenciones, sino que implicará un plan de acción concreto que guiará nuestras decisiones y esfuerzos a largo plazo. Reconocemos que el compromiso con la sostenibilidad es continuo y requiere esfuerzo constante. Es nuestro deseo colaborar con otras organizaciones, socios y actores clave para lograr un impacto colectivo significativo en la consecución de los ODS.</p><p></p><p>Agradecemos su apoyo en esta empresa y esperamos poder compartir nuestros avances con usted en el futuro. Juntos, podemos forjar un mundo más sostenible y resiliente.</p><p></p><p>Atentamente,</p><p></p><p>Persona responsable de la gestión del recurso patrimonial</p><p>Lugar y fecha</p>','<p>Texto para la misión.</p>',NULL,NULL,NULL,NULL,NULL,7,1.00,1.00,NULL,NULL,0,'active',NULL,NULL,NULL,0,NULL,NULL,NULL,NULL,NULL),(26,15,2027,'Draft','Nueva','/static/uploads/covers/report_26_cover_4072528b-5d1c-471a-a916-754fde0d4dc6.jpg','<p>Carta par ael compromiso</p>','<p>La Mezquita-Catedral es un símbolo de la convergencia cultural, histórica y espiritual que trasciende el tiempo. Su misión es preservar y promover el legado arquitectónico, artístico y religioso que representa, fomentando el entendimiento intercultural y el respeto mutuo entre las distintas tradiciones que han dado forma a su esencia. A través de la conservación del patrimonio, la difusión del conocimiento y la apertura al diálogo, la Mezquita-Catedral busca inspirar a visitantes de todo el mundo, conectándolos con la riqueza de su historia y el poder transformador de la fe y la cultura.  </p>','<p>La visión de la Mezquita-Catedral es consolidarse como un referente universal de diálogo cultural, espiritual y patrimonial, proyectando su esencia única como un símbolo de coexistencia y diversidad. Se aspira a convertirla en un espacio de reflexión y encuentro que invite a los visitantes a profundizar en el legado histórico y artístico que une a Oriente y Occidente, a través de una estructura que fusiona la magnificencia islámica con la majestuosidad cristiana.</p><p>En este sentido, se propone fomentar un modelo de gestión sostenible que integre la preservación del patrimonio con el desarrollo cultural, potenciando actividades educativas, artísticas y espirituales que resalten la riqueza multicultural de la Mezquita-Catedral. Asimismo, se busca fortalecer la conexión con la comunidad local, posicionándola como un epicentro de inspiración y aprendizaje, donde la historia cobra vida a través de experiencias inmersivas que invitan a explorar los valores universales de tolerancia, respeto y convivencia pacífica.</p><p>A largo plazo, la Mezquita-Catedral aspira a ser reconocida no solo como un monumento arquitectónico excepcional, sino como un faro de unión entre civilizaciones, un puente entre pasados aparentemente irreconciliables y un testimonio vivo del poder transformador del entendimiento humano.</p>','<h3><strong>Valores de la Mezquita-Catedral</strong></h3><ol><li><p><strong>Patrimonio y Preservación:</strong> Compromiso con la conservación y protección del legado arquitectónico, artístico y cultural, asegurando que las generaciones futuras puedan apreciar la riqueza histórica de la Mezquita-Catedral.</p></li><li><p><strong>Diversidad y Convivencia:</strong> Promoción del respeto y la comprensión entre culturas y religiones, destacando la Mezquita-Catedral como un símbolo vivo de coexistencia pacífica entre diferentes tradiciones espirituales.</p></li><li><p><strong>Educación y Difusión Cultural:</strong> Impulso al conocimiento a través de actividades educativas, investigaciones y programas de divulgación que acerquen a los visitantes al contexto histórico y cultural del monumento.</p></li><li><p><strong>Espiritualidad y Reflexión:</strong> Creación de un entorno propicio para la reflexión espiritual, invitando a todos los visitantes a conectar con la esencia sagrada del espacio, más allá de credos y creencias.</p></li><li><p><strong>Innovación Sostenible:</strong> Integración de prácticas sostenibles en la gestión y mantenimiento del monumento, priorizando el uso responsable de los recursos y la implementación de tecnologías que respeten el entorno.</p></li><li><p><strong>Accesibilidad e Inclusión:</strong> Fomento de un espacio accesible para todos, eliminando barreras físicas y culturales que permitan a cada visitante experimentar plenamente la riqueza patrimonial de la Mezquita-Catedral.</p></li><li><p><strong>Integridad y Transparencia:</strong> Gestión ética y transparente en todas las actividades, garantizando el respeto a la historia, la cultura y la espiritualidad que la Mezquita-Catedral representa.</p></li></ol>',NULL,'/static/uploads/organization_charts/report_26_organization_chart_2d332889-148d-4475-bd80-eec8534d4d93.jpg','<p>Esta es la descripciónnn</p>',5,1.00,1.00,'<p>Escribe aquí la descripción de la hoja de ruta y sus objetivos principales....</p>',NULL,0,'inactive',NULL,NULL,'<p>Escribe aquí la información sobre la difusión del reporte...</p>',0,'<p>Escribe aquí el texto de impactos principales y secundarios...</p>',NULL,NULL,NULL,NULL),(30,16,20256,'Draft','',NULL,NULL,NULL,NULL,NULL,NULL,NULL,NULL,5,1.00,1.00,NULL,NULL,0,'inactive','<p>Para definir qué son los asuntos de materialidad, primero es necesario entender qué es la materialidad y qué relación tiene con nuestro recurso patrimonial. </p>\n\n<p>La materialidad hace referencia a los aspectos ambientales, sociales y de gobernanza que tienen un impacto positivo o negativo en la gestión de un recurso y en sus grupos de interés.</p>\n\n<p>Por lo tanto, entendemos por asuntos de materialidad aquellos temas relevantes en materia de sostenibilidad de un recurso patrimonial, prestando especial atención a sus principales impactos y riesgos, estando estrechamente ligados con los Objetivos de Desarrollo Sostenible (ODS). Estos condicionantes es necesario gestionarlos y transmitir la información obtenida.</p>\n\n<p>Estos ODS, a su vez, se han agrupado en las cinco dimensiones que plantea la Agenda 2030 del Desarrollo Sostenible, “Las 5 Ps del desarrollo: People, Planet, Prosperity, Peace and Partnership”, alineadas con los 17 ODS</p>','<p>La matriz de materialidad es un instrumento fundamental para evaluar la relevancia de los asuntos identificados en relación con el impacto del recurso patrimonial y las expectativas de los grupos de interés. Esta matriz surge tras la puntuación de cada asunto de materialidad por parte de los gestores del recurso y sus grupos de interés, permitiendo así priorizar aquellos aspectos que requieren una mayor atención en términos de sostenibilidad y progreso.</p>\n\n<p>A continuación, se presenta el gráfico que ilustra la dispersión de datos, mostrando la relevancia de los asuntos de materialidad en tres niveles: alta, media y baja. Esta matriz no debe considerarse un elemento estático, ya que debe ser revisada periódicamente para integrar nuevas opiniones y ajustar el plan de actuación en función de las prioridades cambiantes de los grupos de interés. En los anexos se recoge la tabla con las puntuaciones asignadas a cada asunto relevante.</p>\n',NULL,0,'<p>Partiendo del análisis de materialidad, es posible identificar los impactos principales y secundarios que los asuntos relevantes generan en relación con los Objetivos de Desarrollo Sostenible (ODS). Esta evaluación permite establecer un enfoque integral sobre cómo cada asunto de materialidad contribuye de forma directa e indirecta a los ODS, facilitando así una mejor comprensión del alcance de nuestras acciones y decisiones estratégicas.</p>\n\n<p>En la tabla presentada a continuación, se expone la vinculación de cada asunto de materialidad con los ODS en los que impacta directamente, así como aquellos en los que genera un impacto secundario. Esta lectura nos proporciona una visión más completa del impacto sostenible del recurso patrimonial, permitiendo priorizar acciones y alinear esfuerzos con los objetivos globales. A continuación, se presentan gráficos que ilustran de forma visual esta relación, facilitando la comprensión del nivel de influencia de cada asunto en los distintos ODS.</p>\n','<p>Un grupo de interés es cualquier organización, grupo o persona que tiene un interés en las actividades o decisiones que lleva a cabo un organismo, en nuestro caso [Nombre del Organismo o Proyecto], y que se puede ver afectado o influir directa o indirectamente en él.</p>\n\n<p>En nuestro caso, se ha realizado una identificación de estas personas interesadas, considerando la importancia, influencia y el impacto que pueden tener sobre el proyecto. El objetivo principal de este análisis es garantizar que se tienen en cuenta sus necesidades y opiniones, para así tomar mejores decisiones y gestionar eficazmente el recurso patrimonial.</p>\n\n<p>Una vez identificados estos grupos de interés, se llevará a cabo una encuesta para conocer su opinión y valorar la importancia que le dan a cada asunto de materialidad, con el objetivo de integrar sus respuestas en la memoria de sostenibilidad y progreso, definiendo dichos asuntos, prioridades e indicadores de desempeño. Para este trabajo, por el desarrollo temporal que ha tenido, se ha escogido una pequeña muestra para realizar dichas encuestas, pero sería deseable que, de cara a una memoria futura, se entreviste a una muestra más amplia y representativa de estos grupos de interés para ajustar sus necesidades a la propuesta lo mejor posible.</p>\n',NULL,'<p>El Plan de Acción establece una hoja de ruta clara y estructurada para nuestro recurso patrimonial, definiendo la prioridad de cada asunto de materialidad en función de los resultados obtenidos en la matriz de materialidad y las encuestas realizadas. Esta planificación contempla los objetivos principales y específicos, las acciones a implementar, los indicadores de rendimiento a evaluar, el nivel de dificultad estimado, los responsables designados, los recursos humanos y materiales necesarios, así como el tiempo de ejecución previsto.</p>\n\n<p>El período de ejecución se ha dividido en tres fases estratégicas, permitiendo así un seguimiento más preciso del avance de cada acción:</p>\n\n<ul>\n    <li><strong>Corto plazo:</strong> 1 año.</li>\n    <li><strong>Medio plazo:</strong> 3 años.</li>\n    <li><strong>Largo plazo:</strong> 5 años.</li>\n</ul>\n\n<p>De esta forma, el Plan de Acción se convierte en una herramienta esencial para guiar los esfuerzos hacia el cumplimiento de los objetivos de sostenibilidad, asegurando una gestión eficiente y alineada con los asuntos de materialidad previamente identificados.</p>\n',NULL),(31,17,2024,'Draft','','/static/uploads/covers/report_31_cover_460ce661-0f74-40f9-a978-7cc0f1838e76.jpg','<p>Nos complace expresar nuestro compromiso firme con la sostenibilidad y los Objetivos de Desarrollo</p><p>Sostenible (ODS) de Naciones Unidas. Como [título/puesto] de [institución/organización], me es grato</p><p>comunicarle nuestra determinación de contribuir activamente al avance hacia un mundo más equitativo,</p><p>próspero y sostenible para las generaciones presentes y futuras.</p><p></p><p>Reconociendo la urgencia de los desafíos ambientales, sociales y económicos con que nos enfrentamos</p><p>a nivel global, nos comprometemos a alinear nuestras operaciones y decisiones con los principios de</p><p>sostenibilidad y los ODS. A través de este compromiso, buscamos integrar prácticas responsables en</p><p>todas las áreas de nuestra [institución/organización] y maximizar nuestro impacto positivo en la sociedad</p><p>y el medioambiente.</p><p></p><p>Nuestros compromisos específicos incluyen:</p><ol><li><p>Integrar la sostenibilidad en nuestra estrategia: revisaremos y ajustaremos nuestra estrategia corporativa para asegurarnos de que esté alineada con los ODS y con las mejores prácticas de sostenibilidad en nuestro sector </p></li><li><p>Gestión responsable de recursos: implementaremos medidas para reducir nuestro consumo de recursos naturales, minimizar residuos y promover la economía circular en nuestras operaciones.</p></li><li><p>Acción climática: reduciremos nuestras emisiones de gases de efecto invernadero y buscaremos fuentes de energía renovable para disminuir nuestro impacto ambiental.</p></li><li><p>Diversidad e inclusión: fomentaremos un entorno diverso e inclusivo dentro de nuestra organización, promoviendo la igualdad de oportunidades para todas las personas y rechazando cualquier forma de discriminación.</p></li><li><p>Responsabilidad social: colaboraremos con comunidades locales para apoyar proyectos que beneficien a la sociedad, como la educación, el acceso a la salud y el desarrollo comunitario.</p></li><li><p>Educación y concienciación: promoveremos la educación y la concienciación pública sobre la importancia del patrimonio cultural, su historia y su valor intrínseco para nuestras comunidades.</p></li><li><p>Transparencia y rendición de cuentas: informaremos regularmente sobre nuestros avances en sostenibilidad, compartiendo nuestros logros y desafíos de manera transparente.</p></li></ol><p></p><p>Este compromiso no es simplemente una declaración de intenciones, sino que implicará un plan de acción concreto que guiará nuestras decisiones y esfuerzos a largo plazo. Reconocemos que el compromiso con la sostenibilidad es continuo y requiere esfuerzo constante. Es nuestro deseo colaborar con otras organizaciones, socios y actores clave para lograr un impacto colectivo significativo en la consecución de los ODS.</p><p></p><p>Agradecemos su apoyo en esta empresa y esperamos poder compartir nuestros avances con usted en el futuro. Juntos, podemos forjar un mundo más sostenible y resiliente.</p><p></p><p>Atentamente,</p><p></p><p>Persona responsable de la gestión del recurso patrimonial</p><p>Lugar y fecha</p>','<p>La ciudad califal de Medina Azahara, ubicada en las cercanías de Córdoba, representa uno de los más grandes y ambiciosos proyectos arquitectónicos y políticos del califato omeya en al-Ándalus. Fundada en el año 936 por el califa Abderramán III, Medina Azahara no solo se erigió como un majestuoso símbolo de poder y grandeza, sino también como un reflejo tangible del esplendor, sofisticación y hegemonía del califato cordobés.</p><p>La misión fundamental de Medina Azahara radicaba en consolidar la autoridad del califa, proyectando una imagen de opulencia y supremacía ante sus súbditos y los embajadores extranjeros. Esta ciudad palatina fue concebida para ser la sede administrativa y política del califato, concentrando el poder en un entorno arquitectónico sin precedentes, donde los edificios y jardines representaban el ápice del arte, la cultura y la ingeniería islámica.</p><p>Además, Medina Azahara tenía como propósito fungir como un centro diplomático estratégico, destinado a impresionar a los emisarios venidos de lejanos territorios. La fastuosidad de sus salones, patios y residencias nobles constituían una manifestación evidente del control y estabilidad del califato, un mensaje inequívoco para sus adversarios y aliados.</p><p>Otro de los objetivos esenciales de la ciudad era funcionar como un centro cultural e intelectual, donde eruditos, poetas y artistas se congregaban bajo el mecenazgo del califa, consolidando así a Córdoba como un núcleo del saber en el mundo islámico y mediterráneo. Las bibliotecas y espacios de reunión de Medina Azahara se convirtieron en lugares donde las ciencias, las artes y la literatura florecían, contribuyendo al prestigio del califato omeya.</p><p>Sin embargo, la misión de Medina Azahara no se limitaba únicamente a lo político y cultural. También se erigió como un centro administrativo clave, donde se gestionaban los asuntos del estado y se planificaban estrategias militares y diplomáticas. Los edificios gubernamentales y las dependencias administrativas estaban diseñados para facilitar el control y la gestión del extenso territorio del califato, consolidando el poder centralizado del califa.</p><p>En síntesis, la misión de la ciudad califal de Medina Azahara trascendía lo meramente arquitectónico, convirtiéndose en un instrumento de legitimación política, un símbolo de opulencia y un centro neurálgico del poder califal. A través de su monumentalidad y esplendor, Medina Azahara no solo consolidaba la imagen del califa como soberano absoluto, sino que también proyectaba al califato de Córdoba como una potencia cultural, política y militar del mundo medieval.</p>','<p>La visión de la ciudad califal de Medina Azahara se proyecta como un símbolo eterno del esplendor, la sofisticación y la hegemonía del califato omeya en al-Ándalus. Concebida como un centro monumental del poder califal, Medina Azahara aspira a ser reconocida no solo como un emblema de opulencia arquitectónica, sino como un faro cultural, intelectual y diplomático que perdure a lo largo de los siglos.</p><p>A través de la preservación y restauración de sus estructuras, la ciudad busca consolidarse como un referente patrimonial universal, donde la grandeza del arte islámico y la avanzada ingeniería medieval sean contempladas como un legado imperecedero. En este sentido, Medina Azahara se erige no solo como un testimonio histórico, sino como un motor cultural que impulse el conocimiento, el estudio y la difusión del esplendor cordobés, integrando el pasado con el presente y proyectándolo hacia el futuro.</p><p>En la actualidad, la visión de Medina Azahara se centra en revitalizar su impacto cultural, promoviendo iniciativas educativas, turísticas y científicas que fomenten la apreciación del patrimonio andalusí y el entendimiento de su relevancia histórica a nivel mundial. De este modo, Medina Azahara no solo se consolida como un ícono del califato omeya, sino como un epicentro del diálogo intercultural y la reflexión sobre el legado islámico en la península ibérica.</p>','<ol><li><p><strong>Patrimonio Cultural y Arqueológico</strong>: Medina Azahara promueve el respeto y la conservación del legado histórico del califato omeya, valorizando su arquitectura, arte y urbanismo como un patrimonio universal que debe ser preservado para futuras generaciones.</p></li><li><p><strong>Identidad Histórica y Cultural</strong>: La ciudad se erige como un símbolo de la identidad andalusí, fomentando el conocimiento y la difusión de la rica herencia islámica en la península ibérica, destacando su papel como epicentro cultural y político del califato cordobés.</p></li><li><p><strong>Excelencia y Grandeza</strong>: La opulencia y monumentalidad de Medina Azahara reflejan la aspiración del califato a proyectar una imagen de poder, sofisticación y supremacía, valores que hoy se traducen en un compromiso con la calidad y la excelencia en su preservación.</p></li><li><p><strong>Diálogo Intercultural</strong>: Medina Azahara promueve el entendimiento y la coexistencia pacífica entre culturas, utilizando su historia como un punto de encuentro para el diálogo y el intercambio cultural a nivel global.</p></li><li><p><strong>Educación y Difusión del Conocimiento</strong>: A través de actividades educativas y científicas, la ciudad fomenta el estudio de la historia islámica y medieval, incentivando el aprendizaje sobre el impacto cultural y político del califato omeya en el Mediterráneo.</p></li><li><p><strong>Sostenibilidad y Conservación</strong>: El compromiso con la sostenibilidad es fundamental, enfocándose en la preservación ambiental y arquitectónica del sitio, asegurando su integridad para futuras generaciones sin comprometer su autenticidad histórica.</p></li></ol>','<p>Este es el organigrama</p>','\\static\\uploads\\organization_charts/report_31_organization_chart_3c72d4aa-68ee-4014-8af3-94e9e7b8c92d.jpg','<p></p>',9,1.00,1.00,'<p></p>',NULL,0,'active','<p>    </p>','<p>    </p>','<p>Escribe aquí la información sobre la difusión del reporte...</p>',0,'<p>.</p>','<p>       </p>',NULL,'<p>El Plan de Acción de la ciudad califal de Medina Azahara surge como una estrategia integral destinada a consolidar su legado histórico, cultural y arquitectónico, al tiempo que se proyecta como un referente en la gestión sostenible del patrimonio. En consonancia con la misión, visión y valores previamente establecidos, este plan busca implementar acciones concretas orientadas a la conservación, difusión y revitalización del sitio, promoviendo un enfoque multidisciplinario que abarque la preservación arqueológica, la gestión cultural, la educación y el turismo responsable.</p><p>A través de este plan, Medina Azahara reafirma su compromiso con la salvaguarda de su patrimonio, adoptando medidas que aseguren la protección de sus estructuras, la difusión de su historia y la integración de la comunidad local en los procesos de gestión. Asimismo, se plantea la implementación de iniciativas orientadas al desarrollo sostenible, garantizando que cada intervención respete la integridad del sitio sin comprometer su autenticidad histórica.</p><p>En esta línea, el Plan de Acción se estructura en diversas áreas estratégicas que abarcan desde la restauración arquitectónica y la conservación ambiental hasta la promoción cultural y el impulso a la investigación científica. De esta forma, Medina Azahara no solo se posiciona como un icono del esplendor omeya, sino también como un modelo de gestión patrimonial comprometido con la preservación y difusión del legado andalusí.</p>','<p>     </p>');
/*!40000 ALTER TABLE `sustainability_reports` ENABLE KEYS */;
UNLOCK TABLES;

--
-- Table structure for table `sustainability_team_members`
--

DROP TABLE IF EXISTS `sustainability_team_members`;
/*!40101 SET @saved_cs_client     = @@character_set_client */;
/*!50503 SET character_set_client = utf8mb4 */;
CREATE TABLE `sustainability_team_members` (
  `id` int NOT NULL AUTO_INCREMENT,
  `type` enum('manager','consultant','external_advisor') NOT NULL,
  `organization` varchar(255) NOT NULL,
  `report_id` int NOT NULL,
  `user_id` int NOT NULL,
  PRIMARY KEY (`id`),
  KEY `report_id` (`report_id`),
  KEY `user_id` (`user_id`),
  CONSTRAINT `sustainability_team_members_ibfk_1` FOREIGN KEY (`report_id`) REFERENCES `sustainability_reports` (`id`) ON DELETE CASCADE ON UPDATE CASCADE,
  CONSTRAINT `sustainability_team_members_ibfk_2` FOREIGN KEY (`user_id`) REFERENCES `users` (`id`) ON DELETE CASCADE ON UPDATE CASCADE
) ENGINE=InnoDB AUTO_INCREMENT=72 DEFAULT CHARSET=utf8mb4 COLLATE=utf8mb4_0900_ai_ci;
/*!40101 SET character_set_client = @saved_cs_client */;

--
-- Dumping data for table `sustainability_team_members`
--

LOCK TABLES `sustainability_team_members` WRITE;
/*!40000 ALTER TABLE `sustainability_team_members` DISABLE KEYS */;
INSERT INTO `sustainability_team_members` VALUES (35,'manager','Faceboo',7,2),(36,'consultant','Cultural',8,2),(43,'consultant','Organización',5,3),(44,'external_advisor','Organizaciónn',5,5),(45,'manager','Organización de prueba',5,10),(47,'consultant','d',9,3),(48,'external_advisor','d',9,6),(50,'external_advisor','g',5,6),(58,'consultant','Fundación',5,46),(59,'manager','d',25,2),(60,'consultant','d',25,3),(61,'external_advisor','d',25,6),(63,'consultant','Organización',26,3),(64,'external_advisor','Organizaciónn',26,5),(65,'manager','Organización de prueba',26,10),(66,'external_advisor','g',26,6),(67,'consultant','Fundación',26,46),(68,'consultant','d',31,3),(69,'external_advisor','d',31,6);
/*!40000 ALTER TABLE `sustainability_team_members` ENABLE KEYS */;
UNLOCK TABLES;

--
-- Table structure for table `users`
--

DROP TABLE IF EXISTS `users`;
/*!40101 SET @saved_cs_client     = @@character_set_client */;
/*!50503 SET character_set_client = utf8mb4 */;
CREATE TABLE `users` (
  `id` int NOT NULL AUTO_INCREMENT,
  `email` varchar(255) NOT NULL,
  `password` varchar(255) NOT NULL,
  `admin` tinyint(1) NOT NULL,
  `name` varchar(100) NOT NULL,
  `surname` varchar(255) NOT NULL,
  `phone_number` varchar(20) DEFAULT NULL,
  `reset_token` varchar(255) DEFAULT NULL,
  `reset_token_expiration` datetime DEFAULT NULL,
  `reset_token_state` tinyint(1) NOT NULL,
  PRIMARY KEY (`id`),
  UNIQUE KEY `email` (`email`)
) ENGINE=InnoDB AUTO_INCREMENT=51 DEFAULT CHARSET=utf8mb4 COLLATE=utf8mb4_0900_ai_ci;
/*!40101 SET character_set_client = @saved_cs_client */;

--
-- Dumping data for table `users`
--

LOCK TABLES `users` WRITE;
/*!40000 ALTER TABLE `users` DISABLE KEYS */;
INSERT INTO `users` VALUES (1,'i12gafej@uco.es','$2b$12$2At8kh8Pe55tAewim0owaO3i1FworKLRoWMFRDfxCv7oQpzmMNuZK',1,'Javier','García Fernández','6661116667','FUWzcwDW_lXSXQzvcBE9gFrNdiJ3MeLMzdC9kavAiM4','2025-05-19 15:28:10',0),(2,'i12usuario@uco.es','$2b$12$r4ELvOASVKJ7Q5mORXEqDu3VkZI6Rt3pE68IYofDyuX1X5yW6vwSq',0,'Raul','Fernandez Garcia ','666111666',NULL,NULL,0),(3,'i12usuario2@uco.es','$2b$12$r4ELvOASVKJ7Q5mORXEqDu3VkZI6Rt3pE68IYofDyuX1X5yW6vwSq',0,'Maria','Soria Velmonte','689773628',NULL,NULL,0),(5,'i12usuario4@bing.es','$2b$12$r4ELvOASVKJ7Q5mORXEqDu3VkZI6Rt3pE68IYofDyuX1X5yW6vwSq',0,'Dolores','Sanchez Madueño','656723023',NULL,NULL,0),(6,'i12usuario5@gmail.es','$2b$12$r4ELvOASVKJ7Q5mORXEqDu3VkZI6Rt3pE68IYofDyuX1X5yW6vwSq',0,'Valeria','Mata Ramos','675646321',NULL,NULL,0),(7,'i12usuario6@gmail.es','$2b$12$r4ELvOASVKJ7Q5mORXEqDu3VkZI6Rt3pE68IYofDyuX1X5yW6vwSq',0,'Rodrigo','Lopez Gomez','693840221',NULL,NULL,0),(8,'i12usuario7@bing.es','$2b$12$r4ELvOASVKJ7Q5mORXEqDu3VkZI6Rt3pE68IYofDyuX1X5yW6vwSq',0,'Oliva','Muñoz Perez','-',NULL,NULL,0),(9,'i12usuario8@bing.es','$2b$12$r4ELvOASVKJ7Q5mORXEqDu3VkZI6Rt3pE68IYofDyuX1X5yW6vwSq',0,'Santos','Montes Segura','633214567',NULL,NULL,0),(10,'i12usuario9@bing.es','$2b$12$r4ELvOASVKJ7Q5mORXEqDu3VkZI6Rt3pE68IYofDyuX1X5yW6vwSq',0,'Elena','Suarez Casas','623412347',NULL,NULL,0),(11,'i12usuario10@bing.es','$2b$12$r4ELvOASVKJ7Q5mORXEqDu3VkZI6Rt3pE68IYofDyuX1X5yW6vwSq',0,'Pablo','Sanchez de Albornoz','633875647',NULL,NULL,0),(12,'i12usuario11@bing.es','$2b$12$r4ELvOASVKJ7Q5mORXEqDu3VkZI6Rt3pE68IYofDyuX1X5yW6vwSq',0,'Leticia','Pedroche Ramirez','600299217',NULL,NULL,0),(15,'josejimenez@uco.es','$2b$12$tgNYMobhI6dLb7UTx3NjyeWJJH/vYHthmgR2QE3tHgKGrzBC1c1je',0,'José','Jimenez',NULL,NULL,NULL,0),(18,'pablosoria@cuco.es','$2b$12$uYe.nTx66iEgzpDtiwOohu03cV/aDjlkoiCntlTUdlCgpEfFyJ8au',0,'Pablo','Soria',NULL,NULL,NULL,0),(21,'marga2@cuco.es','$2b$12$HYv9VkiA13Q7xAdYVGFjEe3ZzThN5JdPRuO4H0GVeUWbz0jI8PYhu',0,'Maria','Garcia',NULL,NULL,NULL,0),(45,'manu@uco.es','$2b$12$PUG6TU30NR/vq5wsS0JTi.8D3Z0leTKXqUHqEBz4TQ.nV7ws/Z9kO',0,'Manuel','Garcia','',NULL,NULL,0),(46,'antonio@uco.es','$2b$12$UnQiOhYWlFMQYc1Viiiym.x8WRZgtWm1vFxSlFaKEe/AksvsG9dUi',0,'Antonio','Garcia Moreno',NULL,NULL,NULL,0);
/*!40000 ALTER TABLE `users` ENABLE KEYS */;
UNLOCK TABLES;
/*!40103 SET TIME_ZONE=@OLD_TIME_ZONE */;

/*!40101 SET SQL_MODE=@OLD_SQL_MODE */;
/*!40014 SET FOREIGN_KEY_CHECKS=@OLD_FOREIGN_KEY_CHECKS */;
/*!40014 SET UNIQUE_CHECKS=@OLD_UNIQUE_CHECKS */;
/*!40101 SET CHARACTER_SET_CLIENT=@OLD_CHARACTER_SET_CLIENT */;
/*!40101 SET CHARACTER_SET_RESULTS=@OLD_CHARACTER_SET_RESULTS */;
/*!40101 SET COLLATION_CONNECTION=@OLD_COLLATION_CONNECTION */;
/*!40111 SET SQL_NOTES=@OLD_SQL_NOTES */;

-- Dump completed on 2025-05-19 19:40:34
